2025-08-25 07:30:51,365 - Knowledge - INFO - Redis support added with prefix knowledge:b7863gd:
2025-08-25 07:30:51,517 - Knowledge - INFO - load persisted knowledge: begin
2025-08-25 07:30:51,522 - Knowledge - INFO - load persisted knowledge: end
2025-08-25 07:30:51,522 - Knowledge - INFO - load persisted docinfo: begin
2025-08-25 07:30:51,524 - Knowledge - INFO - load persisted docinfo: end
2025-08-25 07:30:51,554 - Knowledge - INFO - worker kw1 created with dedicated MongoDB connection (total: 1)
2025-08-25 07:30:51,555 - Knowledge - INFO - knowledge worker kw1 start
2025-08-25 07:30:51,555 - Knowledge - INFO - worker kw1 pull /app/data/b2c/10763/b7863gd/rialto-ocdm-10763/scripts/cpplint/cpplint.py from ingest queue
2025-08-25 07:30:51,557 - Knowledge - INFO - worker kw2 created with dedicated MongoDB connection (total: 2)
2025-08-25 07:30:51,557 - Knowledge - INFO - knowledge worker kw2 start
2025-08-25 07:30:51,558 - Knowledge - INFO - worker kw2 pull /app/data/b2c/10763/b7863gd/rialto-ocdm-10763/scripts/clang-format/process_clang-format_errors.py from ingest queue
2025-08-25 07:30:51,560 - Knowledge - INFO - worker kw3 created with dedicated MongoDB connection (total: 3)
2025-08-25 07:30:51,560 - Knowledge - INFO - knowledge worker kw3 start
2025-08-25 07:30:51,562 - Knowledge - INFO - worker kw4 created with dedicated MongoDB connection (total: 4)
2025-08-25 07:30:51,562 - Knowledge - INFO - knowledge worker kw4 start
2025-08-25 07:30:51,563 - Knowledge - INFO - worker kw5 created with dedicated MongoDB connection (total: 5)
2025-08-25 07:30:51,563 - Knowledge - INFO - knowledge worker kw5 start
2025-08-25 07:30:51,565 - Knowledge - INFO - worker kw6 created with dedicated MongoDB connection (total: 6)
2025-08-25 07:30:51,565 - Knowledge - INFO - knowledge worker kw6 start
2025-08-25 07:30:51,567 - Knowledge - INFO - worker kw7 created with dedicated MongoDB connection (total: 7)
2025-08-25 07:30:51,568 - Knowledge - INFO - knowledge worker kw7 start
2025-08-25 07:30:51,569 - Knowledge - INFO - worker kw7 pull /app/data/b2c/10763/b7863gd/rialto-ocdm-10763/scripts/valgrind/process_valgrind_results.py from ingest queue
2025-08-25 07:30:51,571 - Knowledge - INFO - worker kw8 created with dedicated MongoDB connection (total: 8)
2025-08-25 07:30:51,571 - Knowledge - INFO - knowledge worker kw8 start
2025-08-25 07:30:51,572 - Knowledge - INFO - worker kw9 created with dedicated MongoDB connection (total: 9)
2025-08-25 07:30:51,573 - Knowledge - INFO - knowledge worker kw9 start
2025-08-25 07:30:51,574 - Knowledge - INFO - worker kw10 created with dedicated MongoDB connection (total: 10)
2025-08-25 07:30:51,574 - Knowledge - INFO - knowledge worker kw10 start
2025-08-25 07:30:51,575 - Knowledge - INFO - worker kw11 created with dedicated MongoDB connection (total: 11)
2025-08-25 07:30:51,576 - Knowledge - INFO - knowledge worker kw11 start
2025-08-25 07:30:51,578 - Knowledge - INFO - worker kw3 pull /app/data/b2c/10763/b7863gd/rialto-ocdm-10763/TERMS.md from ingest queue
2025-08-25 07:30:51,579 - Knowledge - INFO - worker kw4 pull /app/data/b2c/10763/b7863gd/rialto-ocdm-10763/CMakeLists.txt from ingest queue
2025-08-25 07:30:51,582 - Knowledge - INFO - worker kw11 pull /app/data/b2c/10763/b7863gd/rialto-ocdm-10763/cmake/googletest.cmake from ingest queue
2025-08-25 07:30:51,583 - Knowledge - INFO - worker kw8 pull /app/data/b2c/10763/b7863gd/rialto-ocdm-10763/cmake/FindRialto.cmake from ingest queue
2025-08-25 07:30:51,584 - Knowledge - INFO - worker kw9 pull /app/data/b2c/10763/b7863gd/rialto-ocdm-10763/docs/index.html from ingest queue
2025-08-25 07:30:51,587 - Knowledge - INFO - worker kw5 pull /app/data/b2c/10763/b7863gd/rialto-ocdm-10763/library/include/OpenCDMSession.h from ingest queue
2025-08-25 07:30:51,589 - Knowledge - INFO - worker kw6 pull /app/data/b2c/10763/b7863gd/rialto-ocdm-10763/library/include/MediaKeysCapabilitiesBackend.h from ingest queue
2025-08-25 07:30:51,591 - Knowledge - INFO - worker kw10 pull /app/data/b2c/10763/b7863gd/rialto-ocdm-10763/library/include/OpenCDMSystemPrivate.h from ingest queue
2025-08-25 07:30:51,595 - Knowledge - INFO - worker kw12 created with dedicated MongoDB connection (total: 12)
2025-08-25 07:30:51,595 - Knowledge - INFO - knowledge worker kw12 start
2025-08-25 07:30:51,598 - Knowledge - INFO - worker kw12 pull /app/data/b2c/10763/b7863gd/rialto-ocdm-10763/library/include/MessageDispatcher.h from ingest queue
2025-08-25 07:30:51,604 - Knowledge - INFO - worker kw13 created with dedicated MongoDB connection (total: 13)
2025-08-25 07:30:51,604 - Knowledge - INFO - knowledge worker kw13 start
2025-08-25 07:30:51,605 - Knowledge - INFO - worker kw14 created with dedicated MongoDB connection (total: 14)
2025-08-25 07:30:51,607 - Knowledge - INFO - knowledge worker kw14 start
2025-08-25 07:30:51,608 - Knowledge - INFO - worker kw14 pull /app/data/b2c/10763/b7863gd/rialto-ocdm-10763/library/include/CdmBackend.h from ingest queue
2025-08-25 07:30:51,611 - Knowledge - INFO - worker kw15 created with dedicated MongoDB connection (total: 15)
2025-08-25 07:30:51,613 - Knowledge - INFO - knowledge worker kw15 start
2025-08-25 07:30:51,617 - Knowledge - INFO - process ingested knowledge for /app/data/b2c/10763/b7863gd/rialto-ocdm-10763/CMakeLists.txt
2025-08-25 07:30:51,623 - Knowledge - INFO - worker kw15 pull /app/data/b2c/10763/b7863gd/rialto-ocdm-10763/library/include/RialtoGStreamerEMEProtectionMetadata.h from ingest queue
2025-08-25 07:30:51,625 - Knowledge - INFO - worker kw16 created with dedicated MongoDB connection (total: 16)
2025-08-25 07:30:51,626 - Knowledge - INFO - worker kw13 pull /app/data/b2c/10763/b7863gd/rialto-ocdm-10763/library/include/Logger.h from ingest queue
2025-08-25 07:30:51,627 - Knowledge - INFO - knowledge worker kw16 start
2025-08-25 07:30:51,690 - Knowledge - INFO - Found code-base-name: https://github.com/kavia-common/rialto-ocdm-10763.git:kavia-6.0.0-rc1
2025-08-25 07:30:51,690 - Knowledge - INFO - Found code_base: <app.utils.kg_build.knowledge.KnowledgeCodeBase object at 0x7f95c418cdd0>
2025-08-25 07:30:51,691 - Knowledge - INFO - persist ingested knowledge for /app/data/b2c/10763/b7863gd/rialto-ocdm-10763/CMakeLists.txt
2025-08-25 07:30:51,694 - Knowledge - INFO - worker kw17 created with dedicated MongoDB connection (total: 17)
2025-08-25 07:30:51,695 - Knowledge - INFO - process ingested knowledge for /app/data/b2c/10763/b7863gd/rialto-ocdm-10763/TERMS.md
2025-08-25 07:30:51,695 - Knowledge - INFO - knowledge worker kw17 start
2025-08-25 07:30:51,696 - Knowledge - INFO - process ingested knowledge for /app/data/b2c/10763/b7863gd/rialto-ocdm-10763/scripts/cpplint/cpplint.py
2025-08-25 07:30:51,699 - Knowledge - INFO - process ingested knowledge for /app/data/b2c/10763/b7863gd/rialto-ocdm-10763/cmake/googletest.cmake
2025-08-25 07:30:51,700 - Knowledge - INFO - process ingested knowledge for /app/data/b2c/10763/b7863gd/rialto-ocdm-10763/cmake/FindRialto.cmake
2025-08-25 07:30:51,703 - Knowledge - INFO - worker kw18 created with dedicated MongoDB connection (total: 18)
2025-08-25 07:30:51,704 - Knowledge - INFO - process ingested knowledge for /app/data/b2c/10763/b7863gd/rialto-ocdm-10763/scripts/valgrind/process_valgrind_results.py
2025-08-25 07:30:51,705 - Knowledge - INFO - knowledge worker kw18 start
2025-08-25 07:30:51,705 - Knowledge - INFO - process ingested knowledge for /app/data/b2c/10763/b7863gd/rialto-ocdm-10763/docs/index.html
2025-08-25 07:30:51,709 - Knowledge - INFO - process ingested knowledge for /app/data/b2c/10763/b7863gd/rialto-ocdm-10763/scripts/clang-format/process_clang-format_errors.py
2025-08-25 07:30:51,710 - Knowledge - INFO - worker kw19 created with dedicated MongoDB connection (total: 19)
2025-08-25 07:30:51,711 - Knowledge - INFO - knowledge worker kw19 start
2025-08-25 07:30:51,789 - Knowledge - INFO - worker kw20 created with dedicated MongoDB connection (total: 20)
2025-08-25 07:30:51,789 - Knowledge - INFO - knowledge worker kw20 start
2025-08-25 07:30:51,793 - Knowledge - INFO - process ingested knowledge for /app/data/b2c/10763/b7863gd/rialto-ocdm-10763/library/include/OpenCDMSession.h
2025-08-25 07:30:51,794 - Knowledge - WARNING - High connection count: 21 connections active
2025-08-25 07:30:51,794 - Knowledge - INFO - worker kw21 created with dedicated MongoDB connection (total: 21)
2025-08-25 07:30:51,796 - Knowledge - INFO - knowledge worker kw21 start
2025-08-25 07:30:51,797 - Knowledge - INFO - process ingested knowledge for /app/data/b2c/10763/b7863gd/rialto-ocdm-10763/library/include/MediaKeysCapabilitiesBackend.h
2025-08-25 07:30:51,800 - Knowledge - INFO - process ingested knowledge for /app/data/b2c/10763/b7863gd/rialto-ocdm-10763/library/include/OpenCDMSystemPrivate.h
2025-08-25 07:30:51,802 - Knowledge - WARNING - High connection count: 22 connections active
2025-08-25 07:30:51,802 - Knowledge - INFO - worker kw22 created with dedicated MongoDB connection (total: 22)
2025-08-25 07:30:51,802 - Knowledge - INFO - knowledge worker kw22 start
2025-08-25 07:30:51,803 - Knowledge - INFO - process ingested knowledge for /app/data/b2c/10763/b7863gd/rialto-ocdm-10763/library/include/MessageDispatcher.h
2025-08-25 07:30:51,805 - Knowledge - WARNING - High connection count: 23 connections active
2025-08-25 07:30:51,805 - Knowledge - INFO - worker kw23 created with dedicated MongoDB connection (total: 23)
2025-08-25 07:30:51,805 - Knowledge - INFO - knowledge worker kw23 start
2025-08-25 07:30:51,807 - Knowledge - WARNING - High connection count: 24 connections active
2025-08-25 07:30:51,807 - Knowledge - INFO - worker kw24 created with dedicated MongoDB connection (total: 24)
2025-08-25 07:30:51,807 - Knowledge - INFO - knowledge worker kw24 start
2025-08-25 07:30:51,810 - Knowledge - INFO - process ingested knowledge for /app/data/b2c/10763/b7863gd/rialto-ocdm-10763/library/include/CdmBackend.h
2025-08-25 07:30:51,810 - Knowledge - INFO - process ingested knowledge for /app/data/b2c/10763/b7863gd/rialto-ocdm-10763/library/include/RialtoGStreamerEMEProtectionMetadata.h
2025-08-25 07:30:51,811 - Knowledge - WARNING - High connection count: 25 connections active
2025-08-25 07:30:51,811 - Knowledge - INFO - worker kw25 created with dedicated MongoDB connection (total: 25)
2025-08-25 07:30:51,811 - Knowledge - INFO - knowledge worker kw25 start
2025-08-25 07:30:51,812 - Knowledge - INFO - process ingested knowledge for /app/data/b2c/10763/b7863gd/rialto-ocdm-10763/library/include/Logger.h
2025-08-25 07:30:51,829 - Knowledge - INFO - worker kw16 pull /app/data/b2c/10763/b7863gd/rialto-ocdm-10763/library/include/OpenCDMSystem.h from ingest queue
2025-08-25 07:30:51,830 - Knowledge - INFO - worker kw17 pull /app/data/b2c/10763/b7863gd/rialto-ocdm-10763/library/include/ActiveSessions.h from ingest queue
2025-08-25 07:30:51,831 - Knowledge - INFO - Found code-base-name: https://github.com/kavia-common/rialto-ocdm-10763.git:kavia-6.0.0-rc1
2025-08-25 07:30:51,831 - Knowledge - INFO - Found code_base: <app.utils.kg_build.knowledge.KnowledgeCodeBase object at 0x7f95c418cdd0>
2025-08-25 07:30:51,831 - Knowledge - INFO - persist ingested knowledge for /app/data/b2c/10763/b7863gd/rialto-ocdm-10763/TERMS.md
2025-08-25 07:30:51,831 - Knowledge - INFO - worker kw18 pull /app/data/b2c/10763/b7863gd/rialto-ocdm-10763/library/include/OpenCDMSessionPrivate.h from ingest queue
2025-08-25 07:30:51,832 - Knowledge - INFO - Found code-base-name: https://github.com/kavia-common/rialto-ocdm-10763.git:kavia-6.0.0-rc1
2025-08-25 07:30:51,832 - Knowledge - INFO - Found code_base: <app.utils.kg_build.knowledge.KnowledgeCodeBase object at 0x7f95c418cdd0>
2025-08-25 07:30:51,832 - Knowledge - INFO - persist ingested knowledge for /app/data/b2c/10763/b7863gd/rialto-ocdm-10763/cmake/FindRialto.cmake
2025-08-25 07:30:51,833 - Knowledge - INFO - Found code-base-name: https://github.com/kavia-common/rialto-ocdm-10763.git:kavia-6.0.0-rc1
2025-08-25 07:30:51,833 - Knowledge - INFO - Found code_base: <app.utils.kg_build.knowledge.KnowledgeCodeBase object at 0x7f95c418cdd0>
2025-08-25 07:30:51,833 - Knowledge - INFO - persist ingested knowledge for /app/data/b2c/10763/b7863gd/rialto-ocdm-10763/scripts/cpplint/cpplint.py
2025-08-25 07:30:51,833 - Knowledge - INFO - Found code-base-name: https://github.com/kavia-common/rialto-ocdm-10763.git:kavia-6.0.0-rc1
2025-08-25 07:30:51,833 - Knowledge - INFO - Found code_base: <app.utils.kg_build.knowledge.KnowledgeCodeBase object at 0x7f95c418cdd0>
2025-08-25 07:30:51,833 - Knowledge - INFO - persist ingested knowledge for /app/data/b2c/10763/b7863gd/rialto-ocdm-10763/scripts/valgrind/process_valgrind_results.py
2025-08-25 07:30:51,835 - Knowledge - INFO - Found code-base-name: https://github.com/kavia-common/rialto-ocdm-10763.git:kavia-6.0.0-rc1
2025-08-25 07:30:51,835 - Knowledge - INFO - Found code_base: <app.utils.kg_build.knowledge.KnowledgeCodeBase object at 0x7f95c418cdd0>
2025-08-25 07:30:51,835 - Knowledge - INFO - persist ingested knowledge for /app/data/b2c/10763/b7863gd/rialto-ocdm-10763/cmake/googletest.cmake
2025-08-25 07:30:51,835 - Knowledge - INFO - worker kw19 pull /app/data/b2c/10763/b7863gd/rialto-ocdm-10763/library/include/IMessageDispatcher.h from ingest queue
2025-08-25 07:30:51,836 - Knowledge - INFO - Found code-base-name: https://github.com/kavia-common/rialto-ocdm-10763.git:kavia-6.0.0-rc1
2025-08-25 07:30:51,836 - Knowledge - INFO - Found code_base: <app.utils.kg_build.knowledge.KnowledgeCodeBase object at 0x7f95c418cdd0>
2025-08-25 07:30:51,836 - Knowledge - INFO - persist ingested knowledge for /app/data/b2c/10763/b7863gd/rialto-ocdm-10763/scripts/clang-format/process_clang-format_errors.py
2025-08-25 07:30:51,837 - Knowledge - INFO - Found code-base-name: https://github.com/kavia-common/rialto-ocdm-10763.git:kavia-6.0.0-rc1
2025-08-25 07:30:51,837 - Knowledge - INFO - Found code_base: <app.utils.kg_build.knowledge.KnowledgeCodeBase object at 0x7f95c418cdd0>
2025-08-25 07:30:51,837 - Knowledge - INFO - persist ingested knowledge for /app/data/b2c/10763/b7863gd/rialto-ocdm-10763/docs/index.html
2025-08-25 07:30:51,838 - Knowledge - INFO - worker kw20 pull /app/data/b2c/10763/b7863gd/rialto-ocdm-10763/library/include/ICdmBackend.h from ingest queue
2025-08-25 07:30:51,838 - Knowledge - INFO - worker kw21 pull /app/data/b2c/10763/b7863gd/rialto-ocdm-10763/library/CMakeLists.txt from ingest queue
2025-08-25 07:30:51,839 - Knowledge - INFO - Found code-base-name: https://github.com/kavia-common/rialto-ocdm-10763.git:kavia-6.0.0-rc1
2025-08-25 07:30:51,839 - Knowledge - INFO - Found code_base: <app.utils.kg_build.knowledge.KnowledgeCodeBase object at 0x7f95c418cdd0>
2025-08-25 07:30:51,839 - Knowledge - INFO - persist ingested knowledge for /app/data/b2c/10763/b7863gd/rialto-ocdm-10763/library/include/MediaKeysCapabilitiesBackend.h
2025-08-25 07:30:51,840 - Knowledge - INFO - worker kw22 pull /app/data/b2c/10763/b7863gd/rialto-ocdm-10763/library/source/ActiveSessions.cpp from ingest queue
2025-08-25 07:30:51,891 - Knowledge - INFO - Found code-base-name: https://github.com/kavia-common/rialto-ocdm-10763.git:kavia-6.0.0-rc1
2025-08-25 07:30:51,891 - Knowledge - INFO - Found code_base: <app.utils.kg_build.knowledge.KnowledgeCodeBase object at 0x7f95c418cdd0>
2025-08-25 07:30:51,891 - Knowledge - INFO - persist ingested knowledge for /app/data/b2c/10763/b7863gd/rialto-ocdm-10763/library/include/OpenCDMSession.h
2025-08-25 07:30:51,891 - Knowledge - INFO - Found code-base-name: https://github.com/kavia-common/rialto-ocdm-10763.git:kavia-6.0.0-rc1
2025-08-25 07:30:51,892 - Knowledge - INFO - Found code_base: <app.utils.kg_build.knowledge.KnowledgeCodeBase object at 0x7f95c418cdd0>
2025-08-25 07:30:51,892 - Knowledge - INFO - persist ingested knowledge for /app/data/b2c/10763/b7863gd/rialto-ocdm-10763/library/include/OpenCDMSystemPrivate.h
2025-08-25 07:30:51,893 - Knowledge - INFO - worker kw23 pull /app/data/b2c/10763/b7863gd/rialto-ocdm-10763/library/source/open_cdm.cpp from ingest queue
2025-08-25 07:30:51,894 - Knowledge - INFO - Found code-base-name: https://github.com/kavia-common/rialto-ocdm-10763.git:kavia-6.0.0-rc1
2025-08-25 07:30:51,894 - Knowledge - INFO - Found code_base: <app.utils.kg_build.knowledge.KnowledgeCodeBase object at 0x7f95c418cdd0>
2025-08-25 07:30:51,894 - Knowledge - INFO - persist ingested knowledge for /app/data/b2c/10763/b7863gd/rialto-ocdm-10763/library/include/MessageDispatcher.h
2025-08-25 07:30:51,895 - Knowledge - INFO - worker kw24 pull /app/data/b2c/10763/b7863gd/rialto-ocdm-10763/library/source/open_cdm_adapter.cpp from ingest queue
2025-08-25 07:30:51,897 - Knowledge - INFO - worker kw25 pull /app/data/b2c/10763/b7863gd/rialto-ocdm-10763/library/source/OpenCDMSessionPrivate.cpp from ingest queue
2025-08-25 07:30:51,898 - Knowledge - INFO - Found code-base-name: https://github.com/kavia-common/rialto-ocdm-10763.git:kavia-6.0.0-rc1
2025-08-25 07:30:51,898 - Knowledge - INFO - Found code_base: <app.utils.kg_build.knowledge.KnowledgeCodeBase object at 0x7f95c418cdd0>
2025-08-25 07:30:51,898 - Knowledge - INFO - persist ingested knowledge for /app/data/b2c/10763/b7863gd/rialto-ocdm-10763/library/include/RialtoGStreamerEMEProtectionMetadata.h
2025-08-25 07:30:51,912 - Knowledge - INFO - process ingested knowledge for /app/data/b2c/10763/b7863gd/rialto-ocdm-10763/library/include/OpenCDMSessionPrivate.h
2025-08-25 07:30:51,913 - Knowledge - INFO - process ingested knowledge for /app/data/b2c/10763/b7863gd/rialto-ocdm-10763/library/include/OpenCDMSystem.h
2025-08-25 07:30:51,914 - Knowledge - INFO - process ingested knowledge for /app/data/b2c/10763/b7863gd/rialto-ocdm-10763/library/CMakeLists.txt
2025-08-25 07:30:51,922 - Knowledge - INFO - process ingested knowledge for /app/data/b2c/10763/b7863gd/rialto-ocdm-10763/library/include/IMessageDispatcher.h
2025-08-25 07:30:51,923 - Knowledge - INFO - process ingested knowledge for /app/data/b2c/10763/b7863gd/rialto-ocdm-10763/library/include/ICdmBackend.h
2025-08-25 07:30:51,923 - Knowledge - INFO - process ingested knowledge for /app/data/b2c/10763/b7863gd/rialto-ocdm-10763/library/include/ActiveSessions.h
2025-08-25 07:30:52,002 - Knowledge - INFO - process ingested knowledge for /app/data/b2c/10763/b7863gd/rialto-ocdm-10763/library/source/open_cdm.cpp
2025-08-25 07:30:52,002 - Knowledge - INFO - process ingested knowledge for /app/data/b2c/10763/b7863gd/rialto-ocdm-10763/library/source/open_cdm_adapter.cpp
2025-08-25 07:30:52,003 - Knowledge - INFO - process ingested knowledge for /app/data/b2c/10763/b7863gd/rialto-ocdm-10763/library/source/ActiveSessions.cpp
2025-08-25 07:30:52,003 - Knowledge - INFO - process ingested knowledge for /app/data/b2c/10763/b7863gd/rialto-ocdm-10763/library/source/OpenCDMSessionPrivate.cpp
2025-08-25 07:30:52,020 - Knowledge - INFO - Found code-base-name: https://github.com/kavia-common/rialto-ocdm-10763.git:kavia-6.0.0-rc1
2025-08-25 07:30:52,020 - Knowledge - INFO - Found code_base: <app.utils.kg_build.knowledge.KnowledgeCodeBase object at 0x7f95c418cdd0>
2025-08-25 07:30:52,020 - Knowledge - INFO - persist ingested knowledge for /app/data/b2c/10763/b7863gd/rialto-ocdm-10763/library/include/Logger.h
2025-08-25 07:30:52,020 - Knowledge - INFO - adding /app/data/b2c/10763/b7863gd/rialto-ocdm-10763/CMakeLists.txt to ingest queue
2025-08-25 07:30:52,558 - Knowledge - INFO - Found code-base-name: https://github.com/kavia-common/rialto-ocdm-10763.git:kavia-6.0.0-rc1
2025-08-25 07:30:52,559 - Knowledge - INFO - Found code_base: <app.utils.kg_build.knowledge.KnowledgeCodeBase object at 0x7f95c418cdd0>
2025-08-25 07:30:52,559 - Knowledge - INFO - persist ingested knowledge for /app/data/b2c/10763/b7863gd/rialto-ocdm-10763/library/include/CdmBackend.h
2025-08-25 07:30:52,559 - Knowledge - INFO - Found code-base-name: https://github.com/kavia-common/rialto-ocdm-10763.git:kavia-6.0.0-rc1
2025-08-25 07:30:52,559 - Knowledge - INFO - Found code_base: <app.utils.kg_build.knowledge.KnowledgeCodeBase object at 0x7f95c418cdd0>
2025-08-25 07:30:52,559 - Knowledge - INFO - persist ingested knowledge for /app/data/b2c/10763/b7863gd/rialto-ocdm-10763/library/include/OpenCDMSystem.h
2025-08-25 07:30:52,559 - Knowledge - INFO - Found code-base-name: https://github.com/kavia-common/rialto-ocdm-10763.git:kavia-6.0.0-rc1
2025-08-25 07:30:52,559 - Knowledge - INFO - Found code_base: <app.utils.kg_build.knowledge.KnowledgeCodeBase object at 0x7f95c418cdd0>
2025-08-25 07:30:52,559 - Knowledge - INFO - persist ingested knowledge for /app/data/b2c/10763/b7863gd/rialto-ocdm-10763/library/include/OpenCDMSessionPrivate.h
2025-08-25 07:30:52,560 - Knowledge - INFO - Found code-base-name: https://github.com/kavia-common/rialto-ocdm-10763.git:kavia-6.0.0-rc1
2025-08-25 07:30:52,560 - Knowledge - INFO - Found code_base: <app.utils.kg_build.knowledge.KnowledgeCodeBase object at 0x7f95c418cdd0>
2025-08-25 07:30:52,560 - Knowledge - INFO - persist ingested knowledge for /app/data/b2c/10763/b7863gd/rialto-ocdm-10763/library/CMakeLists.txt
2025-08-25 07:30:52,560 - Knowledge - INFO - Found code-base-name: https://github.com/kavia-common/rialto-ocdm-10763.git:kavia-6.0.0-rc1
2025-08-25 07:30:52,560 - Knowledge - INFO - Found code_base: <app.utils.kg_build.knowledge.KnowledgeCodeBase object at 0x7f95c418cdd0>
2025-08-25 07:30:52,560 - Knowledge - INFO - persist ingested knowledge for /app/data/b2c/10763/b7863gd/rialto-ocdm-10763/library/include/ICdmBackend.h
2025-08-25 07:30:52,560 - Knowledge - INFO - Found code-base-name: https://github.com/kavia-common/rialto-ocdm-10763.git:kavia-6.0.0-rc1
2025-08-25 07:30:52,561 - Knowledge - INFO - Found code_base: <app.utils.kg_build.knowledge.KnowledgeCodeBase object at 0x7f95c418cdd0>
2025-08-25 07:30:52,561 - Knowledge - INFO - persist ingested knowledge for /app/data/b2c/10763/b7863gd/rialto-ocdm-10763/library/include/ActiveSessions.h
2025-08-25 07:30:52,561 - Knowledge - INFO - Found code-base-name: https://github.com/kavia-common/rialto-ocdm-10763.git:kavia-6.0.0-rc1
2025-08-25 07:30:52,561 - Knowledge - INFO - Found code_base: <app.utils.kg_build.knowledge.KnowledgeCodeBase object at 0x7f95c418cdd0>
2025-08-25 07:30:52,561 - Knowledge - INFO - persist ingested knowledge for /app/data/b2c/10763/b7863gd/rialto-ocdm-10763/library/include/IMessageDispatcher.h
2025-08-25 07:30:52,561 - Knowledge - INFO - Found code-base-name: https://github.com/kavia-common/rialto-ocdm-10763.git:kavia-6.0.0-rc1
2025-08-25 07:30:52,561 - Knowledge - INFO - Found code_base: <app.utils.kg_build.knowledge.KnowledgeCodeBase object at 0x7f95c418cdd0>
2025-08-25 07:30:52,561 - Knowledge - INFO - persist ingested knowledge for /app/data/b2c/10763/b7863gd/rialto-ocdm-10763/library/source/open_cdm.cpp
2025-08-25 07:30:52,562 - Knowledge - INFO - Found code-base-name: https://github.com/kavia-common/rialto-ocdm-10763.git:kavia-6.0.0-rc1
2025-08-25 07:30:52,562 - Knowledge - INFO - Found code_base: <app.utils.kg_build.knowledge.KnowledgeCodeBase object at 0x7f95c418cdd0>
2025-08-25 07:30:52,562 - Knowledge - INFO - persist ingested knowledge for /app/data/b2c/10763/b7863gd/rialto-ocdm-10763/library/source/open_cdm_adapter.cpp
2025-08-25 07:30:52,562 - Knowledge - INFO - Found code-base-name: https://github.com/kavia-common/rialto-ocdm-10763.git:kavia-6.0.0-rc1
2025-08-25 07:30:52,562 - Knowledge - INFO - Found code_base: <app.utils.kg_build.knowledge.KnowledgeCodeBase object at 0x7f95c418cdd0>
2025-08-25 07:30:52,562 - Knowledge - INFO - persist ingested knowledge for /app/data/b2c/10763/b7863gd/rialto-ocdm-10763/library/source/ActiveSessions.cpp
2025-08-25 07:30:52,562 - Knowledge - INFO - Found code-base-name: https://github.com/kavia-common/rialto-ocdm-10763.git:kavia-6.0.0-rc1
2025-08-25 07:30:52,562 - Knowledge - INFO - Found code_base: <app.utils.kg_build.knowledge.KnowledgeCodeBase object at 0x7f95c418cdd0>
2025-08-25 07:30:52,562 - Knowledge - INFO - persist ingested knowledge for /app/data/b2c/10763/b7863gd/rialto-ocdm-10763/library/source/OpenCDMSessionPrivate.cpp
2025-08-25 07:30:52,617 - Knowledge - INFO - adding /app/data/b2c/10763/b7863gd/rialto-ocdm-10763/library/include/Logger.h to ingest queue
2025-08-25 07:30:52,618 - Knowledge - INFO - worker kw4 pull /app/data/b2c/10763/b7863gd/rialto-ocdm-10763/library/source/open_cdm_ext.cpp from ingest queue
2025-08-25 07:30:52,619 - Knowledge - INFO - adding /app/data/b2c/10763/b7863gd/rialto-ocdm-10763/cmake/FindRialto.cmake to ingest queue
2025-08-25 07:30:52,619 - Knowledge - INFO - adding /app/data/b2c/10763/b7863gd/rialto-ocdm-10763/scripts/cpplint/cpplint.py to ingest queue
2025-08-25 07:30:52,621 - Knowledge - INFO - adding /app/data/b2c/10763/b7863gd/rialto-ocdm-10763/scripts/valgrind/process_valgrind_results.py to ingest queue
2025-08-25 07:30:52,622 - Knowledge - INFO - adding /app/data/b2c/10763/b7863gd/rialto-ocdm-10763/cmake/googletest.cmake to ingest queue
2025-08-25 07:30:52,622 - Knowledge - INFO - adding /app/data/b2c/10763/b7863gd/rialto-ocdm-10763/scripts/clang-format/process_clang-format_errors.py to ingest queue
2025-08-25 07:30:52,623 - Knowledge - INFO - adding /app/data/b2c/10763/b7863gd/rialto-ocdm-10763/docs/index.html to ingest queue
2025-08-25 07:30:52,625 - Knowledge - INFO - adding /app/data/b2c/10763/b7863gd/rialto-ocdm-10763/library/include/MediaKeysCapabilitiesBackend.h to ingest queue
2025-08-25 07:30:52,627 - Knowledge - INFO - adding /app/data/b2c/10763/b7863gd/rialto-ocdm-10763/library/include/OpenCDMSession.h to ingest queue
2025-08-25 07:30:52,627 - Knowledge - INFO - adding /app/data/b2c/10763/b7863gd/rialto-ocdm-10763/library/include/OpenCDMSystemPrivate.h to ingest queue
2025-08-25 07:30:52,665 - Knowledge - INFO - process ingested knowledge for /app/data/b2c/10763/b7863gd/rialto-ocdm-10763/library/source/open_cdm_ext.cpp
2025-08-25 07:30:52,691 - Knowledge - INFO - adding /app/data/b2c/10763/b7863gd/rialto-ocdm-10763/library/include/MessageDispatcher.h to ingest queue
2025-08-25 07:30:53,201 - Knowledge - INFO - adding /app/data/b2c/10763/b7863gd/rialto-ocdm-10763/library/include/RialtoGStreamerEMEProtectionMetadata.h to ingest queue
2025-08-25 07:30:53,201 - Knowledge - INFO - adding /app/data/b2c/10763/b7863gd/rialto-ocdm-10763/TERMS.md to ingest queue
2025-08-25 07:30:53,202 - Knowledge - INFO - worker kw13 pull /app/data/b2c/10763/b7863gd/rialto-ocdm-10763/library/source/Logger.cpp from ingest queue
2025-08-25 07:30:53,202 - Knowledge - INFO - worker kw8 pull /app/data/b2c/10763/b7863gd/rialto-ocdm-10763/library/source/RialtoGStreamerEMEProtectionMetadata.cpp from ingest queue
2025-08-25 07:30:53,203 - Knowledge - INFO - worker kw2 pull /app/data/b2c/10763/b7863gd/rialto-ocdm-10763/library/source/CdmBackend.cpp from ingest queue
2025-08-25 07:30:53,203 - Knowledge - INFO - worker kw1 pull /app/data/b2c/10763/b7863gd/rialto-ocdm-10763/library/source/MessageDispatcher.cpp from ingest queue
2025-08-25 07:30:53,205 - Knowledge - INFO - worker kw6 pull /app/data/b2c/10763/b7863gd/rialto-ocdm-10763/library/source/OpenCDMSystemPrivate.cpp from ingest queue
2025-08-25 07:30:53,206 - Knowledge - INFO - worker kw10 pull /app/data/b2c/10763/b7863gd/rialto-ocdm-10763/library/source/MediaKeysCapabilitiesBackend.cpp from ingest queue
2025-08-25 07:30:53,210 - Knowledge - INFO - worker kw12 pull /app/data/b2c/10763/b7863gd/rialto-ocdm-10763/cppcheck_suppressions.xml from ingest queue
2025-08-25 07:30:53,216 - Knowledge - INFO - adding /app/data/b2c/10763/b7863gd/rialto-ocdm-10763/library/include/OpenCDMSystem.h to ingest queue
2025-08-25 07:30:53,220 - Knowledge - INFO - adding /app/data/b2c/10763/b7863gd/rialto-ocdm-10763/library/CMakeLists.txt to ingest queue
2025-08-25 07:30:53,221 - Knowledge - INFO - adding /app/data/b2c/10763/b7863gd/rialto-ocdm-10763/library/include/ICdmBackend.h to ingest queue
2025-08-25 07:30:53,221 - Knowledge - INFO - worker kw20 pull /app/data/b2c/10763/b7863gd/rialto-ocdm-10763/README.md from ingest queue
2025-08-25 07:30:53,222 - Knowledge - INFO - adding /app/data/b2c/10763/b7863gd/rialto-ocdm-10763/library/include/IMessageDispatcher.h to ingest queue
2025-08-25 07:30:53,223 - Knowledge - INFO - adding /app/data/b2c/10763/b7863gd/rialto-ocdm-10763/library/source/open_cdm_adapter.cpp to ingest queue
2025-08-25 07:30:53,223 - Knowledge - INFO - adding /app/data/b2c/10763/b7863gd/rialto-ocdm-10763/library/source/ActiveSessions.cpp to ingest queue
2025-08-25 07:30:53,225 - Knowledge - INFO - adding /app/data/b2c/10763/b7863gd/rialto-ocdm-10763/library/source/OpenCDMSessionPrivate.cpp to ingest queue
2025-08-25 07:30:53,226 - Knowledge - INFO - worker kw15 pull /app/data/b2c/10763/b7863gd/rialto-ocdm-10763/tests/third-party/CMakeLists.txt from ingest queue
2025-08-25 07:30:53,226 - Knowledge - INFO - worker kw7 pull /app/data/b2c/10763/b7863gd/rialto-ocdm-10763/tests/third-party/source/ControlFactory.cpp from ingest queue
2025-08-25 07:30:53,228 - Knowledge - INFO - worker kw11 pull /app/data/b2c/10763/b7863gd/rialto-ocdm-10763/tests/third-party/source/MediaKeysFactory.cpp from ingest queue
2025-08-25 07:30:53,231 - Knowledge - INFO - worker kw5 pull /app/data/b2c/10763/b7863gd/rialto-ocdm-10763/tests/third-party/source/OcdmSessionsCallbacks.cpp from ingest queue
2025-08-25 07:30:53,233 - Knowledge - INFO - adding /app/data/b2c/10763/b7863gd/rialto-ocdm-10763/library/include/CdmBackend.h to ingest queue
2025-08-25 07:30:53,235 - Knowledge - INFO - worker kw16 pull /app/data/b2c/10763/b7863gd/rialto-ocdm-10763/tests/third-party/source/MediaKeysCapabilitiesFactory.cpp from ingest queue
2025-08-25 07:30:53,237 - Knowledge - INFO - worker kw21 pull /app/data/b2c/10763/b7863gd/rialto-ocdm-10763/tests/ut/CdmBackendTests.cpp from ingest queue
2025-08-25 07:30:53,238 - Knowledge - INFO - adding /app/data/b2c/10763/b7863gd/rialto-ocdm-10763/library/include/ActiveSessions.h to ingest queue
2025-08-25 07:30:53,294 - Knowledge - INFO - worker kw24 pull /app/data/b2c/10763/b7863gd/rialto-ocdm-10763/tests/ut/MessageDispatcherTests.cpp from ingest queue
2025-08-25 07:30:53,295 - Knowledge - INFO - worker kw9 pull /app/data/b2c/10763/b7863gd/rialto-ocdm-10763/tests/ut/LoggerTests.cpp from ingest queue
2025-08-25 07:30:53,296 - Knowledge - INFO - Found code-base-name: https://github.com/kavia-common/rialto-ocdm-10763.git:kavia-6.0.0-rc1
2025-08-25 07:30:53,297 - Knowledge - INFO - Found code_base: <app.utils.kg_build.knowledge.KnowledgeCodeBase object at 0x7f95c418cdd0>
2025-08-25 07:30:53,297 - Knowledge - INFO - persist ingested knowledge for /app/data/b2c/10763/b7863gd/rialto-ocdm-10763/library/source/open_cdm_ext.cpp
2025-08-25 07:30:53,298 - Knowledge - INFO - adding /app/data/b2c/10763/b7863gd/rialto-ocdm-10763/library/include/OpenCDMSessionPrivate.h to ingest queue
2025-08-25 07:30:53,299 - Knowledge - INFO - worker kw25 pull /app/data/b2c/10763/b7863gd/rialto-ocdm-10763/tests/ut/MediaKeysCapabilitiesBackendTests.cpp from ingest queue
2025-08-25 07:30:53,305 - Knowledge - INFO - adding /app/data/b2c/10763/b7863gd/rialto-ocdm-10763/library/source/open_cdm.cpp to ingest queue
2025-08-25 07:30:53,306 - Knowledge - INFO - worker kw14 pull /app/data/b2c/10763/b7863gd/rialto-ocdm-10763/tests/ut/OpenCdmTests.cpp from ingest queue
2025-08-25 07:30:53,307 - Knowledge - INFO - worker kw3 pull /app/data/b2c/10763/b7863gd/rialto-ocdm-10763/tests/ut/OpenCdmSessionTests.cpp from ingest queue
2025-08-25 07:30:53,326 - Knowledge - INFO - process ingested knowledge for /app/data/b2c/10763/b7863gd/rialto-ocdm-10763/cppcheck_suppressions.xml
2025-08-25 07:30:53,388 - Knowledge - INFO - worker kw17 pull /app/data/b2c/10763/b7863gd/rialto-ocdm-10763/tests/ut/CMakeLists.txt from ingest queue
2025-08-25 07:30:53,390 - Knowledge - INFO - worker kw19 pull /app/data/b2c/10763/b7863gd/rialto-ocdm-10763/tests/ut/OpenCdmAdapterTests.cpp from ingest queue
2025-08-25 07:30:53,397 - Knowledge - INFO - worker kw23 pull /app/data/b2c/10763/b7863gd/rialto-ocdm-10763/tests/ut/OpenCdmExtTests.cpp from ingest queue
2025-08-25 07:30:53,405 - Knowledge - INFO - process ingested knowledge for /app/data/b2c/10763/b7863gd/rialto-ocdm-10763/library/source/MessageDispatcher.cpp
2025-08-25 07:30:53,408 - Knowledge - INFO - process ingested knowledge for /app/data/b2c/10763/b7863gd/rialto-ocdm-10763/library/source/OpenCDMSystemPrivate.cpp
2025-08-25 07:30:53,410 - Knowledge - INFO - process ingested knowledge for /app/data/b2c/10763/b7863gd/rialto-ocdm-10763/README.md
2025-08-25 07:30:53,416 - Knowledge - INFO - process ingested knowledge for /app/data/b2c/10763/b7863gd/rialto-ocdm-10763/library/source/MediaKeysCapabilitiesBackend.cpp
2025-08-25 07:30:53,494 - Knowledge - INFO - process ingested knowledge for /app/data/b2c/10763/b7863gd/rialto-ocdm-10763/library/source/Logger.cpp
2025-08-25 07:30:53,495 - Knowledge - INFO - process ingested knowledge for /app/data/b2c/10763/b7863gd/rialto-ocdm-10763/tests/third-party/source/OcdmSessionsCallbacks.cpp
2025-08-25 07:30:53,496 - Knowledge - INFO - process ingested knowledge for /app/data/b2c/10763/b7863gd/rialto-ocdm-10763/library/source/CdmBackend.cpp
2025-08-25 07:30:53,500 - Knowledge - INFO - process ingested knowledge for /app/data/b2c/10763/b7863gd/rialto-ocdm-10763/tests/third-party/source/MediaKeysFactory.cpp
2025-08-25 07:30:53,504 - Knowledge - INFO - process ingested knowledge for /app/data/b2c/10763/b7863gd/rialto-ocdm-10763/library/source/RialtoGStreamerEMEProtectionMetadata.cpp
2025-08-25 07:30:53,508 - Knowledge - INFO - process ingested knowledge for /app/data/b2c/10763/b7863gd/rialto-ocdm-10763/tests/third-party/CMakeLists.txt
2025-08-25 07:30:53,512 - Knowledge - INFO - process ingested knowledge for /app/data/b2c/10763/b7863gd/rialto-ocdm-10763/tests/ut/CMakeLists.txt
2025-08-25 07:30:53,513 - Knowledge - INFO - process ingested knowledge for /app/data/b2c/10763/b7863gd/rialto-ocdm-10763/tests/third-party/source/ControlFactory.cpp
2025-08-25 07:30:53,517 - Knowledge - INFO - process ingested knowledge for /app/data/b2c/10763/b7863gd/rialto-ocdm-10763/tests/third-party/source/MediaKeysCapabilitiesFactory.cpp
2025-08-25 07:30:53,519 - Knowledge - INFO - process ingested knowledge for /app/data/b2c/10763/b7863gd/rialto-ocdm-10763/tests/ut/MessageDispatcherTests.cpp
2025-08-25 07:30:53,519 - Knowledge - INFO - process ingested knowledge for /app/data/b2c/10763/b7863gd/rialto-ocdm-10763/tests/ut/LoggerTests.cpp
2025-08-25 07:30:53,589 - Knowledge - INFO - process ingested knowledge for /app/data/b2c/10763/b7863gd/rialto-ocdm-10763/tests/ut/CdmBackendTests.cpp
2025-08-25 07:30:53,592 - Knowledge - INFO - process ingested knowledge for /app/data/b2c/10763/b7863gd/rialto-ocdm-10763/tests/ut/OpenCdmTests.cpp
2025-08-25 07:30:53,593 - Knowledge - INFO - process ingested knowledge for /app/data/b2c/10763/b7863gd/rialto-ocdm-10763/tests/ut/OpenCdmSessionTests.cpp
2025-08-25 07:30:53,593 - Knowledge - INFO - process ingested knowledge for /app/data/b2c/10763/b7863gd/rialto-ocdm-10763/tests/ut/MediaKeysCapabilitiesBackendTests.cpp
2025-08-25 07:30:53,597 - Knowledge - INFO - process ingested knowledge for /app/data/b2c/10763/b7863gd/rialto-ocdm-10763/tests/ut/OpenCdmAdapterTests.cpp
2025-08-25 07:30:53,598 - Knowledge - INFO - process ingested knowledge for /app/data/b2c/10763/b7863gd/rialto-ocdm-10763/tests/ut/OpenCdmExtTests.cpp
2025-08-25 07:30:53,609 - Knowledge - INFO - worker kw22 pull /app/data/b2c/10763/b7863gd/rialto-ocdm-10763/tests/ut/ActiveSessionsTests.cpp from ingest queue
2025-08-25 07:30:53,610 - Knowledge - INFO - worker kw18 pull /app/data/b2c/10763/b7863gd/rialto-ocdm-10763/tests/ut/OpenCdmSystemTests.cpp from ingest queue
2025-08-25 07:30:53,611 - Knowledge - INFO - Found code-base-name: https://github.com/kavia-common/rialto-ocdm-10763.git:kavia-6.0.0-rc1
2025-08-25 07:30:53,611 - Knowledge - INFO - Found code_base: <app.utils.kg_build.knowledge.KnowledgeCodeBase object at 0x7f95c418cdd0>
2025-08-25 07:30:53,611 - Knowledge - INFO - persist ingested knowledge for /app/data/b2c/10763/b7863gd/rialto-ocdm-10763/library/source/MessageDispatcher.cpp
2025-08-25 07:30:53,611 - Knowledge - INFO - Found code-base-name: https://github.com/kavia-common/rialto-ocdm-10763.git:kavia-6.0.0-rc1
2025-08-25 07:30:53,611 - Knowledge - INFO - Found code_base: <app.utils.kg_build.knowledge.KnowledgeCodeBase object at 0x7f95c418cdd0>
2025-08-25 07:30:53,612 - Knowledge - INFO - persist ingested knowledge for /app/data/b2c/10763/b7863gd/rialto-ocdm-10763/library/source/OpenCDMSystemPrivate.cpp
2025-08-25 07:30:53,613 - Knowledge - INFO - Found code-base-name: https://github.com/kavia-common/rialto-ocdm-10763.git:kavia-6.0.0-rc1
2025-08-25 07:30:53,613 - Knowledge - INFO - Found code_base: <app.utils.kg_build.knowledge.KnowledgeCodeBase object at 0x7f95c418cdd0>
2025-08-25 07:30:53,613 - Knowledge - INFO - persist ingested knowledge for /app/data/b2c/10763/b7863gd/rialto-ocdm-10763/library/source/Logger.cpp
2025-08-25 07:30:53,613 - Knowledge - INFO - Found code-base-name: https://github.com/kavia-common/rialto-ocdm-10763.git:kavia-6.0.0-rc1
2025-08-25 07:30:53,614 - Knowledge - INFO - Found code_base: <app.utils.kg_build.knowledge.KnowledgeCodeBase object at 0x7f95c418cdd0>
2025-08-25 07:30:53,614 - Knowledge - INFO - persist ingested knowledge for /app/data/b2c/10763/b7863gd/rialto-ocdm-10763/library/source/MediaKeysCapabilitiesBackend.cpp
2025-08-25 07:30:53,614 - Knowledge - INFO - Found code-base-name: https://github.com/kavia-common/rialto-ocdm-10763.git:kavia-6.0.0-rc1
2025-08-25 07:30:53,614 - Knowledge - INFO - Found code_base: <app.utils.kg_build.knowledge.KnowledgeCodeBase object at 0x7f95c418cdd0>
2025-08-25 07:30:53,614 - Knowledge - INFO - persist ingested knowledge for /app/data/b2c/10763/b7863gd/rialto-ocdm-10763/library/source/CdmBackend.cpp
2025-08-25 07:30:53,614 - Knowledge - INFO - Found code-base-name: https://github.com/kavia-common/rialto-ocdm-10763.git:kavia-6.0.0-rc1
2025-08-25 07:30:53,614 - Knowledge - INFO - Found code_base: <app.utils.kg_build.knowledge.KnowledgeCodeBase object at 0x7f95c418cdd0>
2025-08-25 07:30:53,614 - Knowledge - INFO - persist ingested knowledge for /app/data/b2c/10763/b7863gd/rialto-ocdm-10763/tests/third-party/source/MediaKeysFactory.cpp
2025-08-25 07:30:53,614 - Knowledge - INFO - Found code-base-name: https://github.com/kavia-common/rialto-ocdm-10763.git:kavia-6.0.0-rc1
2025-08-25 07:30:53,614 - Knowledge - INFO - Found code_base: <app.utils.kg_build.knowledge.KnowledgeCodeBase object at 0x7f95c418cdd0>
2025-08-25 07:30:53,614 - Knowledge - INFO - persist ingested knowledge for /app/data/b2c/10763/b7863gd/rialto-ocdm-10763/tests/third-party/source/OcdmSessionsCallbacks.cpp
2025-08-25 07:30:53,614 - Knowledge - INFO - Found code-base-name: https://github.com/kavia-common/rialto-ocdm-10763.git:kavia-6.0.0-rc1
2025-08-25 07:30:53,615 - Knowledge - INFO - Found code_base: <app.utils.kg_build.knowledge.KnowledgeCodeBase object at 0x7f95c418cdd0>
2025-08-25 07:30:53,615 - Knowledge - INFO - persist ingested knowledge for /app/data/b2c/10763/b7863gd/rialto-ocdm-10763/library/source/RialtoGStreamerEMEProtectionMetadata.cpp
2025-08-25 07:30:53,615 - Knowledge - INFO - Found code-base-name: https://github.com/kavia-common/rialto-ocdm-10763.git:kavia-6.0.0-rc1
2025-08-25 07:30:53,615 - Knowledge - INFO - Found code_base: <app.utils.kg_build.knowledge.KnowledgeCodeBase object at 0x7f95c418cdd0>
2025-08-25 07:30:53,615 - Knowledge - INFO - persist ingested knowledge for /app/data/b2c/10763/b7863gd/rialto-ocdm-10763/tests/third-party/CMakeLists.txt
2025-08-25 07:30:53,615 - Knowledge - INFO - Found code-base-name: https://github.com/kavia-common/rialto-ocdm-10763.git:kavia-6.0.0-rc1
2025-08-25 07:30:53,615 - Knowledge - INFO - Found code_base: <app.utils.kg_build.knowledge.KnowledgeCodeBase object at 0x7f95c418cdd0>
2025-08-25 07:30:53,615 - Knowledge - INFO - persist ingested knowledge for /app/data/b2c/10763/b7863gd/rialto-ocdm-10763/tests/third-party/source/ControlFactory.cpp
2025-08-25 07:30:53,615 - Knowledge - INFO - Found code-base-name: https://github.com/kavia-common/rialto-ocdm-10763.git:kavia-6.0.0-rc1
2025-08-25 07:30:53,615 - Knowledge - INFO - Found code_base: <app.utils.kg_build.knowledge.KnowledgeCodeBase object at 0x7f95c418cdd0>
2025-08-25 07:30:53,615 - Knowledge - INFO - persist ingested knowledge for /app/data/b2c/10763/b7863gd/rialto-ocdm-10763/tests/third-party/source/MediaKeysCapabilitiesFactory.cpp
2025-08-25 07:30:53,616 - Knowledge - INFO - Found code-base-name: https://github.com/kavia-common/rialto-ocdm-10763.git:kavia-6.0.0-rc1
2025-08-25 07:30:53,616 - Knowledge - INFO - Found code_base: <app.utils.kg_build.knowledge.KnowledgeCodeBase object at 0x7f95c418cdd0>
2025-08-25 07:30:53,616 - Knowledge - INFO - persist ingested knowledge for /app/data/b2c/10763/b7863gd/rialto-ocdm-10763/tests/ut/CMakeLists.txt
2025-08-25 07:30:53,616 - Knowledge - INFO - Found code-base-name: https://github.com/kavia-common/rialto-ocdm-10763.git:kavia-6.0.0-rc1
2025-08-25 07:30:53,616 - Knowledge - INFO - Found code_base: <app.utils.kg_build.knowledge.KnowledgeCodeBase object at 0x7f95c418cdd0>
2025-08-25 07:30:53,616 - Knowledge - INFO - persist ingested knowledge for /app/data/b2c/10763/b7863gd/rialto-ocdm-10763/tests/ut/MessageDispatcherTests.cpp
2025-08-25 07:30:53,616 - Knowledge - INFO - Found code-base-name: https://github.com/kavia-common/rialto-ocdm-10763.git:kavia-6.0.0-rc1
2025-08-25 07:30:53,616 - Knowledge - INFO - Found code_base: <app.utils.kg_build.knowledge.KnowledgeCodeBase object at 0x7f95c418cdd0>
2025-08-25 07:30:53,616 - Knowledge - INFO - persist ingested knowledge for /app/data/b2c/10763/b7863gd/rialto-ocdm-10763/tests/ut/LoggerTests.cpp
2025-08-25 07:30:53,616 - Knowledge - INFO - Found code-base-name: https://github.com/kavia-common/rialto-ocdm-10763.git:kavia-6.0.0-rc1
2025-08-25 07:30:53,616 - Knowledge - INFO - Found code_base: <app.utils.kg_build.knowledge.KnowledgeCodeBase object at 0x7f95c418cdd0>
2025-08-25 07:30:53,617 - Knowledge - INFO - persist ingested knowledge for /app/data/b2c/10763/b7863gd/rialto-ocdm-10763/tests/ut/CdmBackendTests.cpp
2025-08-25 07:30:53,617 - Knowledge - INFO - Found code-base-name: https://github.com/kavia-common/rialto-ocdm-10763.git:kavia-6.0.0-rc1
2025-08-25 07:30:53,617 - Knowledge - INFO - Found code_base: <app.utils.kg_build.knowledge.KnowledgeCodeBase object at 0x7f95c418cdd0>
2025-08-25 07:30:53,617 - Knowledge - INFO - persist ingested knowledge for /app/data/b2c/10763/b7863gd/rialto-ocdm-10763/tests/ut/MediaKeysCapabilitiesBackendTests.cpp
2025-08-25 07:30:53,619 - Knowledge - INFO - Found code-base-name: https://github.com/kavia-common/rialto-ocdm-10763.git:kavia-6.0.0-rc1
2025-08-25 07:30:53,619 - Knowledge - INFO - Found code_base: <app.utils.kg_build.knowledge.KnowledgeCodeBase object at 0x7f95c418cdd0>
2025-08-25 07:30:53,619 - Knowledge - INFO - persist ingested knowledge for /app/data/b2c/10763/b7863gd/rialto-ocdm-10763/tests/ut/OpenCdmTests.cpp
2025-08-25 07:30:53,620 - Knowledge - INFO - Found code-base-name: https://github.com/kavia-common/rialto-ocdm-10763.git:kavia-6.0.0-rc1
2025-08-25 07:30:53,620 - Knowledge - INFO - Found code_base: <app.utils.kg_build.knowledge.KnowledgeCodeBase object at 0x7f95c418cdd0>
2025-08-25 07:30:53,620 - Knowledge - INFO - persist ingested knowledge for /app/data/b2c/10763/b7863gd/rialto-ocdm-10763/tests/ut/OpenCdmSessionTests.cpp
2025-08-25 07:30:53,620 - Knowledge - INFO - Found code-base-name: https://github.com/kavia-common/rialto-ocdm-10763.git:kavia-6.0.0-rc1
2025-08-25 07:30:53,620 - Knowledge - INFO - Found code_base: <app.utils.kg_build.knowledge.KnowledgeCodeBase object at 0x7f95c418cdd0>
2025-08-25 07:30:53,620 - Knowledge - INFO - persist ingested knowledge for /app/data/b2c/10763/b7863gd/rialto-ocdm-10763/tests/ut/OpenCdmAdapterTests.cpp
2025-08-25 07:30:53,620 - Knowledge - INFO - Found code-base-name: https://github.com/kavia-common/rialto-ocdm-10763.git:kavia-6.0.0-rc1
2025-08-25 07:30:53,620 - Knowledge - INFO - Found code_base: <app.utils.kg_build.knowledge.KnowledgeCodeBase object at 0x7f95c418cdd0>
2025-08-25 07:30:53,621 - Knowledge - INFO - persist ingested knowledge for /app/data/b2c/10763/b7863gd/rialto-ocdm-10763/tests/ut/OpenCdmExtTests.cpp
2025-08-25 07:30:53,622 - Knowledge - INFO - Found code-base-name: https://github.com/kavia-common/rialto-ocdm-10763.git:kavia-6.0.0-rc1
2025-08-25 07:30:53,622 - Knowledge - INFO - Found code_base: <app.utils.kg_build.knowledge.KnowledgeCodeBase object at 0x7f95c418cdd0>
2025-08-25 07:30:53,622 - Knowledge - INFO - persist ingested knowledge for /app/data/b2c/10763/b7863gd/rialto-ocdm-10763/cppcheck_suppressions.xml
2025-08-25 07:30:53,622 - Knowledge - INFO - Found code-base-name: https://github.com/kavia-common/rialto-ocdm-10763.git:kavia-6.0.0-rc1
2025-08-25 07:30:53,623 - Knowledge - INFO - Found code_base: <app.utils.kg_build.knowledge.KnowledgeCodeBase object at 0x7f95c418cdd0>
2025-08-25 07:30:53,623 - Knowledge - INFO - persist ingested knowledge for /app/data/b2c/10763/b7863gd/rialto-ocdm-10763/README.md
2025-08-25 07:30:53,650 - Knowledge - INFO - process ingested knowledge for /app/data/b2c/10763/b7863gd/rialto-ocdm-10763/tests/ut/ActiveSessionsTests.cpp
2025-08-25 07:30:53,650 - Knowledge - INFO - process ingested knowledge for /app/data/b2c/10763/b7863gd/rialto-ocdm-10763/tests/ut/OpenCdmSystemTests.cpp
2025-08-25 07:30:53,690 - Knowledge - INFO - adding /app/data/b2c/10763/b7863gd/rialto-ocdm-10763/library/source/open_cdm_ext.cpp to ingest queue
2025-08-25 07:30:53,690 - Knowledge - INFO - worker kw4 pull /app/data/b2c/10763/b7863gd/rialto-ocdm-10763/tests/mocks/MediaKeysMock.h from ingest queue
2025-08-25 07:30:53,727 - Knowledge - INFO - process ingested knowledge for /app/data/b2c/10763/b7863gd/rialto-ocdm-10763/tests/mocks/MediaKeysMock.h
2025-08-25 07:30:54,376 - Knowledge - INFO - adding /app/data/b2c/10763/b7863gd/rialto-ocdm-10763/tests/ut/OpenCdmTests.cpp to ingest queue
2025-08-25 07:30:54,532 - Knowledge - INFO - adding /app/data/b2c/10763/b7863gd/rialto-ocdm-10763/cppcheck_suppressions.xml to ingest queue
2025-08-25 07:30:54,533 - Knowledge - INFO - Found code-base-name: https://github.com/kavia-common/rialto-ocdm-10763.git:kavia-6.0.0-rc1
2025-08-25 07:30:54,533 - Knowledge - INFO - Found code_base: <app.utils.kg_build.knowledge.KnowledgeCodeBase object at 0x7f95c418cdd0>
2025-08-25 07:30:54,533 - Knowledge - INFO - persist ingested knowledge for /app/data/b2c/10763/b7863gd/rialto-ocdm-10763/tests/ut/ActiveSessionsTests.cpp
2025-08-25 07:30:54,533 - Knowledge - INFO - adding /app/data/b2c/10763/b7863gd/rialto-ocdm-10763/library/source/MessageDispatcher.cpp to ingest queue
2025-08-25 07:30:54,584 - Knowledge - INFO - Found code-base-name: https://github.com/kavia-common/rialto-ocdm-10763.git:kavia-6.0.0-rc1
2025-08-25 07:30:54,584 - Knowledge - INFO - Found code_base: <app.utils.kg_build.knowledge.KnowledgeCodeBase object at 0x7f95c418cdd0>
2025-08-25 07:30:54,584 - Knowledge - INFO - persist ingested knowledge for /app/data/b2c/10763/b7863gd/rialto-ocdm-10763/tests/mocks/MediaKeysMock.h
2025-08-25 07:30:54,584 - Knowledge - INFO - adding /app/data/b2c/10763/b7863gd/rialto-ocdm-10763/library/source/Logger.cpp to ingest queue
2025-08-25 07:30:54,584 - Knowledge - INFO - adding /app/data/b2c/10763/b7863gd/rialto-ocdm-10763/library/source/CdmBackend.cpp to ingest queue
2025-08-25 07:30:54,585 - Knowledge - INFO - adding /app/data/b2c/10763/b7863gd/rialto-ocdm-10763/tests/third-party/source/OcdmSessionsCallbacks.cpp to ingest queue
2025-08-25 07:30:54,585 - Knowledge - INFO - adding /app/data/b2c/10763/b7863gd/rialto-ocdm-10763/tests/third-party/CMakeLists.txt to ingest queue
2025-08-25 07:30:54,585 - Knowledge - INFO - adding /app/data/b2c/10763/b7863gd/rialto-ocdm-10763/tests/third-party/source/MediaKeysCapabilitiesFactory.cpp to ingest queue
2025-08-25 07:30:54,585 - Knowledge - INFO - adding /app/data/b2c/10763/b7863gd/rialto-ocdm-10763/tests/ut/MessageDispatcherTests.cpp to ingest queue
2025-08-25 07:30:54,585 - Knowledge - INFO - adding /app/data/b2c/10763/b7863gd/rialto-ocdm-10763/tests/ut/CdmBackendTests.cpp to ingest queue
2025-08-25 07:30:54,641 - Knowledge - INFO - adding /app/data/b2c/10763/b7863gd/rialto-ocdm-10763/tests/ut/OpenCdmAdapterTests.cpp to ingest queue
2025-08-25 07:30:54,642 - Knowledge - INFO - adding /app/data/b2c/10763/b7863gd/rialto-ocdm-10763/tests/ut/OpenCdmExtTests.cpp to ingest queue
2025-08-25 07:30:54,642 - Knowledge - INFO - worker kw23 pull /app/data/b2c/10763/b7863gd/rialto-ocdm-10763/tests/mocks/MessageDispatcherMock.h from ingest queue
2025-08-25 07:30:54,642 - Knowledge - INFO - Found code-base-name: https://github.com/kavia-common/rialto-ocdm-10763.git:kavia-6.0.0-rc1
2025-08-25 07:30:54,642 - Knowledge - INFO - Found code_base: <app.utils.kg_build.knowledge.KnowledgeCodeBase object at 0x7f95c418cdd0>
2025-08-25 07:30:54,642 - Knowledge - INFO - persist ingested knowledge for /app/data/b2c/10763/b7863gd/rialto-ocdm-10763/tests/ut/OpenCdmSystemTests.cpp
2025-08-25 07:30:54,643 - Knowledge - INFO - worker kw1 pull /app/data/b2c/10763/b7863gd/rialto-ocdm-10763/tests/mocks/CdmBackendMock.h from ingest queue
2025-08-25 07:30:54,675 - Knowledge - INFO - process ingested knowledge for /app/data/b2c/10763/b7863gd/rialto-ocdm-10763/tests/mocks/MessageDispatcherMock.h
2025-08-25 07:30:54,676 - Knowledge - INFO - process ingested knowledge for /app/data/b2c/10763/b7863gd/rialto-ocdm-10763/tests/mocks/CdmBackendMock.h
2025-08-25 07:30:54,758 - Knowledge - INFO - adding /app/data/b2c/10763/b7863gd/rialto-ocdm-10763/library/source/OpenCDMSystemPrivate.cpp to ingest queue
2025-08-25 07:30:54,759 - Knowledge - INFO - worker kw13 pull /app/data/b2c/10763/b7863gd/rialto-ocdm-10763/tests/mocks/OcdmSessionsCallbacksMock.h from ingest queue
2025-08-25 07:30:54,760 - Knowledge - INFO - adding /app/data/b2c/10763/b7863gd/rialto-ocdm-10763/library/source/RialtoGStreamerEMEProtectionMetadata.cpp to ingest queue
2025-08-25 07:30:54,760 - Knowledge - INFO - worker kw8 pull /app/data/b2c/10763/b7863gd/rialto-ocdm-10763/tests/mocks/OpenCDMSessionMock.h from ingest queue
2025-08-25 07:30:54,761 - Knowledge - INFO - worker kw2 pull /app/data/b2c/10763/b7863gd/rialto-ocdm-10763/tests/mocks/MediaKeysCapabilitiesMock.h from ingest queue
2025-08-25 07:30:54,762 - Knowledge - INFO - adding /app/data/b2c/10763/b7863gd/rialto-ocdm-10763/tests/ut/CMakeLists.txt to ingest queue
2025-08-25 07:30:54,763 - Knowledge - INFO - worker kw15 pull /app/data/b2c/10763/b7863gd/rialto-ocdm-10763/tests/mocks/CMakeLists.txt from ingest queue
2025-08-25 07:30:54,764 - Knowledge - INFO - adding /app/data/b2c/10763/b7863gd/rialto-ocdm-10763/tests/ut/LoggerTests.cpp to ingest queue
2025-08-25 07:30:54,766 - Knowledge - INFO - worker kw24 pull /app/data/b2c/10763/b7863gd/rialto-ocdm-10763/tests/mocks/ControlMock.h from ingest queue
2025-08-25 07:30:54,767 - Knowledge - INFO - worker kw14 pull /app/data/b2c/10763/b7863gd/rialto-ocdm-10763/tests/mocks/MessageDispatcherClientMock.h from ingest queue
2025-08-25 07:30:54,768 - Knowledge - INFO - worker kw21 pull /app/data/b2c/10763/b7863gd/rialto-ocdm-10763/tests/mocks/MediaKeysClientMock.h from ingest queue
2025-08-25 07:30:54,770 - Knowledge - INFO - worker kw12 pull /app/data/b2c/10763/b7863gd/rialto-ocdm-10763/tests/mocks/OpenCDMSystemMock.h from ingest queue
2025-08-25 07:30:54,771 - Knowledge - INFO - adding /app/data/b2c/10763/b7863gd/rialto-ocdm-10763/tests/ut/OpenCdmSessionTests.cpp to ingest queue
2025-08-25 07:30:54,804 - Knowledge - INFO - process ingested knowledge for /app/data/b2c/10763/b7863gd/rialto-ocdm-10763/tests/mocks/CMakeLists.txt
2025-08-25 07:30:54,813 - Knowledge - INFO - process ingested knowledge for /app/data/b2c/10763/b7863gd/rialto-ocdm-10763/tests/mocks/MediaKeysCapabilitiesMock.h
2025-08-25 07:30:54,815 - Knowledge - INFO - process ingested knowledge for /app/data/b2c/10763/b7863gd/rialto-ocdm-10763/tests/mocks/MessageDispatcherClientMock.h
2025-08-25 07:30:54,817 - Knowledge - INFO - process ingested knowledge for /app/data/b2c/10763/b7863gd/rialto-ocdm-10763/tests/mocks/MediaKeysClientMock.h
2025-08-25 07:30:54,817 - Knowledge - INFO - process ingested knowledge for /app/data/b2c/10763/b7863gd/rialto-ocdm-10763/tests/mocks/OcdmSessionsCallbacksMock.h
2025-08-25 07:30:54,823 - Knowledge - INFO - process ingested knowledge for /app/data/b2c/10763/b7863gd/rialto-ocdm-10763/tests/mocks/ControlMock.h
2025-08-25 07:30:54,823 - Knowledge - INFO - process ingested knowledge for /app/data/b2c/10763/b7863gd/rialto-ocdm-10763/tests/mocks/OpenCDMSystemMock.h
2025-08-25 07:30:54,824 - Knowledge - INFO - process ingested knowledge for /app/data/b2c/10763/b7863gd/rialto-ocdm-10763/tests/mocks/OpenCDMSessionMock.h
2025-08-25 07:30:54,895 - Knowledge - INFO - Found code-base-name: https://github.com/kavia-common/rialto-ocdm-10763.git:kavia-6.0.0-rc1
2025-08-25 07:30:54,895 - Knowledge - INFO - Found code_base: <app.utils.kg_build.knowledge.KnowledgeCodeBase object at 0x7f95c418cdd0>
2025-08-25 07:30:54,895 - Knowledge - INFO - persist ingested knowledge for /app/data/b2c/10763/b7863gd/rialto-ocdm-10763/tests/mocks/MessageDispatcherMock.h
2025-08-25 07:30:54,895 - Knowledge - INFO - Found code-base-name: https://github.com/kavia-common/rialto-ocdm-10763.git:kavia-6.0.0-rc1
2025-08-25 07:30:54,895 - Knowledge - INFO - Found code_base: <app.utils.kg_build.knowledge.KnowledgeCodeBase object at 0x7f95c418cdd0>
2025-08-25 07:30:54,895 - Knowledge - INFO - persist ingested knowledge for /app/data/b2c/10763/b7863gd/rialto-ocdm-10763/tests/mocks/CdmBackendMock.h
2025-08-25 07:30:54,896 - Knowledge - INFO - adding /app/data/b2c/10763/b7863gd/rialto-ocdm-10763/library/source/MediaKeysCapabilitiesBackend.cpp to ingest queue
2025-08-25 07:30:54,896 - Knowledge - INFO - adding /app/data/b2c/10763/b7863gd/rialto-ocdm-10763/tests/third-party/source/MediaKeysFactory.cpp to ingest queue
2025-08-25 07:30:54,896 - Knowledge - INFO - adding /app/data/b2c/10763/b7863gd/rialto-ocdm-10763/tests/mocks/MediaKeysMock.h to ingest queue
2025-08-25 07:30:54,897 - Knowledge - INFO - worker kw5 pull /app/data/b2c/10763/b7863gd/rialto-ocdm-10763/CONTRIBUTING.md from ingest queue
2025-08-25 07:30:54,897 - Knowledge - INFO - worker kw16 pull /app/data/b2c/10763/b7863gd/rialto-ocdm-10763/CHANGELOG.md from ingest queue
2025-08-25 07:30:54,898 - Knowledge - INFO - adding /app/data/b2c/10763/b7863gd/rialto-ocdm-10763/tests/ut/MediaKeysCapabilitiesBackendTests.cpp to ingest queue
2025-08-25 07:30:54,899 - Knowledge - INFO - worker kw9 pull /app/data/b2c/10763/b7863gd/rialto-ocdm-10763/build_ut.py from ingest queue
2025-08-25 07:30:54,924 - Knowledge - INFO - process ingested knowledge for /app/data/b2c/10763/b7863gd/rialto-ocdm-10763/CONTRIBUTING.md
2025-08-25 07:30:54,927 - Knowledge - INFO - process ingested knowledge for /app/data/b2c/10763/b7863gd/rialto-ocdm-10763/CHANGELOG.md
2025-08-25 07:30:54,934 - Knowledge - INFO - process ingested knowledge for /app/data/b2c/10763/b7863gd/rialto-ocdm-10763/build_ut.py
2025-08-25 07:30:54,953 - Knowledge - INFO - worker kw3 pull /app/data/b2c/10763/b7863gd/rialto-ocdm-10763/CMakeLists.txt from ingest queue
2025-08-25 07:30:54,953 - Knowledge - INFO - Thread kw3 - File CMakeLists.txt - Remaining files in queue: 46
2025-08-25 07:30:54,953 - Knowledge - INFO - start ingest for /app/data/b2c/10763/b7863gd/rialto-ocdm-10763/CMakeLists.txt
2025-08-25 07:30:54,954 - Knowledge - INFO - adding /app/data/b2c/10763/b7863gd/rialto-ocdm-10763/tests/ut/ActiveSessionsTests.cpp to ingest queue
2025-08-25 07:30:54,954 - Knowledge - INFO - Found code-base-name: https://github.com/kavia-common/rialto-ocdm-10763.git:kavia-6.0.0-rc1
2025-08-25 07:30:54,954 - Knowledge - INFO - Found code_base: <app.utils.kg_build.knowledge.KnowledgeCodeBase object at 0x7f95c418cdd0>
2025-08-25 07:30:54,954 - Knowledge - INFO - persist ingested knowledge for /app/data/b2c/10763/b7863gd/rialto-ocdm-10763/tests/mocks/MediaKeysCapabilitiesMock.h
2025-08-25 07:30:54,954 - Knowledge - INFO - Found code-base-name: https://github.com/kavia-common/rialto-ocdm-10763.git:kavia-6.0.0-rc1
2025-08-25 07:30:54,954 - Knowledge - INFO - Found code_base: <app.utils.kg_build.knowledge.KnowledgeCodeBase object at 0x7f95c418cdd0>
2025-08-25 07:30:54,954 - Knowledge - INFO - persist ingested knowledge for /app/data/b2c/10763/b7863gd/rialto-ocdm-10763/tests/mocks/MediaKeysClientMock.h
2025-08-25 07:30:54,954 - Knowledge - INFO - Found code-base-name: https://github.com/kavia-common/rialto-ocdm-10763.git:kavia-6.0.0-rc1
2025-08-25 07:30:54,955 - Knowledge - INFO - Found code_base: <app.utils.kg_build.knowledge.KnowledgeCodeBase object at 0x7f95c418cdd0>
2025-08-25 07:30:54,955 - Knowledge - INFO - persist ingested knowledge for /app/data/b2c/10763/b7863gd/rialto-ocdm-10763/tests/mocks/OcdmSessionsCallbacksMock.h
2025-08-25 07:30:54,955 - Knowledge - INFO - Found code-base-name: https://github.com/kavia-common/rialto-ocdm-10763.git:kavia-6.0.0-rc1
2025-08-25 07:30:54,955 - Knowledge - INFO - Found code_base: <app.utils.kg_build.knowledge.KnowledgeCodeBase object at 0x7f95c418cdd0>
2025-08-25 07:30:54,955 - Knowledge - INFO - persist ingested knowledge for /app/data/b2c/10763/b7863gd/rialto-ocdm-10763/tests/mocks/OpenCDMSystemMock.h
2025-08-25 07:30:54,956 - Knowledge - INFO - Found code-base-name: https://github.com/kavia-common/rialto-ocdm-10763.git:kavia-6.0.0-rc1
2025-08-25 07:30:54,956 - Knowledge - INFO - Found code_base: <app.utils.kg_build.knowledge.KnowledgeCodeBase object at 0x7f95c418cdd0>
2025-08-25 07:30:54,956 - Knowledge - INFO - persist ingested knowledge for /app/data/b2c/10763/b7863gd/rialto-ocdm-10763/tests/mocks/ControlMock.h
2025-08-25 07:30:54,956 - Knowledge - INFO - Found code-base-name: https://github.com/kavia-common/rialto-ocdm-10763.git:kavia-6.0.0-rc1
2025-08-25 07:30:54,956 - Knowledge - INFO - Found code_base: <app.utils.kg_build.knowledge.KnowledgeCodeBase object at 0x7f95c418cdd0>
2025-08-25 07:30:54,956 - Knowledge - INFO - persist ingested knowledge for /app/data/b2c/10763/b7863gd/rialto-ocdm-10763/tests/mocks/OpenCDMSessionMock.h
2025-08-25 07:30:54,957 - Knowledge - INFO - adding /app/data/b2c/10763/b7863gd/rialto-ocdm-10763/README.md to ingest queue
2025-08-25 07:30:54,958 - Knowledge - INFO - Fast-track processing for simple file: /app/data/b2c/10763/b7863gd/rialto-ocdm-10763/CMakeLists.txt
2025-08-25 07:30:54,958 - Knowledge - INFO - done fast ingest for /app/data/b2c/10763/b7863gd/rialto-ocdm-10763/CMakeLists.txt
2025-08-25 07:30:54,958 - Knowledge - INFO - process ingested knowledge for /app/data/b2c/10763/b7863gd/rialto-ocdm-10763/CMakeLists.txt
2025-08-25 07:30:55,068 - Knowledge - INFO - worker kw6 pull /app/data/b2c/10763/b7863gd/rialto-ocdm-10763/library/include/Logger.h from ingest queue
2025-08-25 07:30:55,068 - Knowledge - INFO - Thread kw6 - File Logger.h - Remaining files in queue: 47
2025-08-25 07:30:55,068 - Knowledge - INFO - start ingest for /app/data/b2c/10763/b7863gd/rialto-ocdm-10763/library/include/Logger.h
2025-08-25 07:30:55,068 - Knowledge - INFO - worker kw10 pull /app/data/b2c/10763/b7863gd/rialto-ocdm-10763/cmake/FindRialto.cmake from ingest queue
2025-08-25 07:30:55,068 - Knowledge - INFO - Thread kw10 - File FindRialto.cmake - Remaining files in queue: 46
2025-08-25 07:30:55,069 - Knowledge - INFO - start ingest for /app/data/b2c/10763/b7863gd/rialto-ocdm-10763/cmake/FindRialto.cmake
2025-08-25 07:30:55,069 - Knowledge - INFO - worker kw11 pull /app/data/b2c/10763/b7863gd/rialto-ocdm-10763/scripts/cpplint/cpplint.py from ingest queue
2025-08-25 07:30:55,069 - Knowledge - INFO - Thread kw11 - File cpplint.py - Remaining files in queue: 45
2025-08-25 07:30:55,069 - Knowledge - INFO - start ingest for /app/data/b2c/10763/b7863gd/rialto-ocdm-10763/scripts/cpplint/cpplint.py
2025-08-25 07:30:55,070 - Knowledge - INFO - adding /app/data/b2c/10763/b7863gd/rialto-ocdm-10763/tests/third-party/source/ControlFactory.cpp to ingest queue
2025-08-25 07:30:55,070 - Knowledge - INFO - worker kw4 pull /app/data/b2c/10763/b7863gd/rialto-ocdm-10763/scripts/valgrind/process_valgrind_results.py from ingest queue
2025-08-25 07:30:55,070 - Knowledge - INFO - Thread kw4 - File process_valgrind_results.py - Remaining files in queue: 45
2025-08-25 07:30:55,070 - Knowledge - INFO - start ingest for /app/data/b2c/10763/b7863gd/rialto-ocdm-10763/scripts/valgrind/process_valgrind_results.py
2025-08-25 07:30:55,071 - Knowledge - INFO - worker kw19 pull /app/data/b2c/10763/b7863gd/rialto-ocdm-10763/cmake/googletest.cmake from ingest queue
2025-08-25 07:30:55,071 - Knowledge - INFO - Thread kw19 - File googletest.cmake - Remaining files in queue: 44
2025-08-25 07:30:55,071 - Knowledge - INFO - start ingest for /app/data/b2c/10763/b7863gd/rialto-ocdm-10763/cmake/googletest.cmake
2025-08-25 07:30:55,072 - Knowledge - INFO - worker kw25 pull /app/data/b2c/10763/b7863gd/rialto-ocdm-10763/scripts/clang-format/process_clang-format_errors.py from ingest queue
2025-08-25 07:30:55,072 - Knowledge - INFO - Thread kw25 - File process_clang-format_errors.py - Remaining files in queue: 43
2025-08-25 07:30:55,072 - Knowledge - INFO - start ingest for /app/data/b2c/10763/b7863gd/rialto-ocdm-10763/scripts/clang-format/process_clang-format_errors.py
2025-08-25 07:30:55,072 - Knowledge - INFO - Found code-base-name: https://github.com/kavia-common/rialto-ocdm-10763.git:kavia-6.0.0-rc1
2025-08-25 07:30:55,073 - Knowledge - INFO - Found code_base: <app.utils.kg_build.knowledge.KnowledgeCodeBase object at 0x7f95c418cdd0>
2025-08-25 07:30:55,073 - Knowledge - INFO - persist ingested knowledge for /app/data/b2c/10763/b7863gd/rialto-ocdm-10763/CONTRIBUTING.md
2025-08-25 07:30:55,073 - Knowledge - INFO - Found code-base-name: https://github.com/kavia-common/rialto-ocdm-10763.git:kavia-6.0.0-rc1
2025-08-25 07:30:55,073 - Knowledge - INFO - Found code_base: <app.utils.kg_build.knowledge.KnowledgeCodeBase object at 0x7f95c418cdd0>
2025-08-25 07:30:55,073 - Knowledge - INFO - persist ingested knowledge for /app/data/b2c/10763/b7863gd/rialto-ocdm-10763/CHANGELOG.md
2025-08-25 07:30:55,074 - Knowledge - INFO - Found code-base-name: https://github.com/kavia-common/rialto-ocdm-10763.git:kavia-6.0.0-rc1
2025-08-25 07:30:55,074 - Knowledge - INFO - Found code_base: <app.utils.kg_build.knowledge.KnowledgeCodeBase object at 0x7f95c418cdd0>
2025-08-25 07:30:55,074 - Knowledge - INFO - persist ingested knowledge for /app/data/b2c/10763/b7863gd/rialto-ocdm-10763/build_ut.py
2025-08-25 07:30:55,074 - Knowledge - INFO - Found code-base-name: https://github.com/kavia-common/rialto-ocdm-10763.git:kavia-6.0.0-rc1
2025-08-25 07:30:55,075 - Knowledge - INFO - Found code_base: <app.utils.kg_build.knowledge.KnowledgeCodeBase object at 0x7f95c418cdd0>
2025-08-25 07:30:55,075 - Knowledge - INFO - persist ingested knowledge for /app/data/b2c/10763/b7863gd/rialto-ocdm-10763/tests/mocks/MessageDispatcherClientMock.h
2025-08-25 07:30:55,075 - Knowledge - INFO - worker kw22 pull /app/data/b2c/10763/b7863gd/rialto-ocdm-10763/docs/index.html from ingest queue
2025-08-25 07:30:55,076 - Knowledge - INFO - Thread kw22 - File index.html - Remaining files in queue: 42
2025-08-25 07:30:55,076 - Knowledge - INFO - start ingest for /app/data/b2c/10763/b7863gd/rialto-ocdm-10763/docs/index.html
2025-08-25 07:30:55,076 - Knowledge - INFO - Found code-base-name: https://github.com/kavia-common/rialto-ocdm-10763.git:kavia-6.0.0-rc1
2025-08-25 07:30:55,076 - Knowledge - INFO - Found code_base: <app.utils.kg_build.knowledge.KnowledgeCodeBase object at 0x7f95c418cdd0>
2025-08-25 07:30:55,076 - Knowledge - INFO - persist ingested knowledge for /app/data/b2c/10763/b7863gd/rialto-ocdm-10763/tests/mocks/CMakeLists.txt
2025-08-25 07:30:56,098 - Knowledge - INFO - worker kw20 pull /app/data/b2c/10763/b7863gd/rialto-ocdm-10763/library/include/MediaKeysCapabilitiesBackend.h from ingest queue
2025-08-25 07:30:56,098 - Knowledge - INFO - Thread kw20 - File MediaKeysCapabilitiesBackend.h - Remaining files in queue: 41
2025-08-25 07:30:56,098 - Knowledge - INFO - start ingest for /app/data/b2c/10763/b7863gd/rialto-ocdm-10763/library/include/MediaKeysCapabilitiesBackend.h
2025-08-25 07:30:56,099 - Knowledge - INFO - adding /app/data/b2c/10763/b7863gd/rialto-ocdm-10763/tests/ut/OpenCdmSystemTests.cpp to ingest queue
2025-08-25 07:30:56,099 - Knowledge - INFO - Found code-base-name: https://github.com/kavia-common/rialto-ocdm-10763.git:kavia-6.0.0-rc1
2025-08-25 07:30:56,099 - Knowledge - INFO - Found code_base: <app.utils.kg_build.knowledge.KnowledgeCodeBase object at 0x7f95c418cdd0>
2025-08-25 07:30:56,099 - Knowledge - INFO - persist ingested knowledge for /app/data/b2c/10763/b7863gd/rialto-ocdm-10763/CMakeLists.txt
2025-08-25 07:30:56,099 - Knowledge - INFO - adding /app/data/b2c/10763/b7863gd/rialto-ocdm-10763/tests/mocks/CdmBackendMock.h to ingest queue
2025-08-25 07:30:56,100 - Knowledge - INFO - worker kw17 pull /app/data/b2c/10763/b7863gd/rialto-ocdm-10763/library/include/OpenCDMSession.h from ingest queue
2025-08-25 07:30:56,100 - Knowledge - INFO - Thread kw17 - File OpenCDMSession.h - Remaining files in queue: 42
2025-08-25 07:30:56,100 - Knowledge - INFO - start ingest for /app/data/b2c/10763/b7863gd/rialto-ocdm-10763/library/include/OpenCDMSession.h
2025-08-25 07:30:56,528 - Knowledge - INFO - adding /app/data/b2c/10763/b7863gd/rialto-ocdm-10763/tests/mocks/MediaKeysCapabilitiesMock.h to ingest queue
2025-08-25 07:30:56,533 - Knowledge - INFO - adding /app/data/b2c/10763/b7863gd/rialto-ocdm-10763/tests/mocks/MediaKeysClientMock.h to ingest queue
2025-08-25 07:30:56,536 - Knowledge - INFO - adding /app/data/b2c/10763/b7863gd/rialto-ocdm-10763/tests/mocks/OpenCDMSystemMock.h to ingest queue
2025-08-25 07:30:56,545 - Knowledge - INFO - adding /app/data/b2c/10763/b7863gd/rialto-ocdm-10763/tests/mocks/OpenCDMSessionMock.h to ingest queue
2025-08-25 07:30:56,550 - Knowledge - INFO - adding /app/data/b2c/10763/b7863gd/rialto-ocdm-10763/tests/mocks/MessageDispatcherMock.h to ingest queue
2025-08-25 07:30:56,554 - Knowledge - INFO - worker kw7 pull /app/data/b2c/10763/b7863gd/rialto-ocdm-10763/library/include/OpenCDMSystemPrivate.h from ingest queue
2025-08-25 07:30:56,554 - Knowledge - INFO - Thread kw7 - File OpenCDMSystemPrivate.h - Remaining files in queue: 46
2025-08-25 07:30:56,554 - Knowledge - INFO - start ingest for /app/data/b2c/10763/b7863gd/rialto-ocdm-10763/library/include/OpenCDMSystemPrivate.h
2025-08-25 07:30:56,555 - Knowledge - INFO - adding /app/data/b2c/10763/b7863gd/rialto-ocdm-10763/CONTRIBUTING.md to ingest queue
2025-08-25 07:30:56,556 - Knowledge - INFO - adding /app/data/b2c/10763/b7863gd/rialto-ocdm-10763/CHANGELOG.md to ingest queue
2025-08-25 07:30:56,557 - Knowledge - INFO - adding /app/data/b2c/10763/b7863gd/rialto-ocdm-10763/tests/mocks/MessageDispatcherClientMock.h to ingest queue
2025-08-25 07:30:56,560 - Knowledge - INFO - adding /app/data/b2c/10763/b7863gd/rialto-ocdm-10763/tests/mocks/OcdmSessionsCallbacksMock.h to ingest queue
2025-08-25 07:30:56,589 - Knowledge - INFO - adding /app/data/b2c/10763/b7863gd/rialto-ocdm-10763/tests/mocks/ControlMock.h to ingest queue
2025-08-25 07:30:56,601 - Knowledge - INFO - worker kw18 pull /app/data/b2c/10763/b7863gd/rialto-ocdm-10763/library/include/MessageDispatcher.h from ingest queue
2025-08-25 07:30:56,602 - Knowledge - INFO - Thread kw18 - File MessageDispatcher.h - Remaining files in queue: 50
2025-08-25 07:30:56,602 - Knowledge - INFO - start ingest for /app/data/b2c/10763/b7863gd/rialto-ocdm-10763/library/include/MessageDispatcher.h
2025-08-25 07:30:56,610 - Knowledge - INFO - worker kw8 pull /app/data/b2c/10763/b7863gd/rialto-ocdm-10763/library/include/RialtoGStreamerEMEProtectionMetadata.h from ingest queue
2025-08-25 07:30:56,610 - Knowledge - INFO - Thread kw8 - File RialtoGStreamerEMEProtectionMetadata.h - Remaining files in queue: 49
2025-08-25 07:30:56,611 - Knowledge - INFO - start ingest for /app/data/b2c/10763/b7863gd/rialto-ocdm-10763/library/include/RialtoGStreamerEMEProtectionMetadata.h
2025-08-25 07:30:56,928 - Knowledge - INFO - worker kw1 pull /app/data/b2c/10763/b7863gd/rialto-ocdm-10763/TERMS.md from ingest queue
2025-08-25 07:30:56,928 - Knowledge - INFO - Thread kw1 - File TERMS.md - Remaining files in queue: 48
2025-08-25 07:30:56,928 - Knowledge - INFO - start ingest for /app/data/b2c/10763/b7863gd/rialto-ocdm-10763/TERMS.md
2025-08-25 07:30:56,929 - Knowledge - INFO - worker kw23 pull /app/data/b2c/10763/b7863gd/rialto-ocdm-10763/library/include/OpenCDMSystem.h from ingest queue
2025-08-25 07:30:56,929 - Knowledge - INFO - Thread kw23 - File OpenCDMSystem.h - Remaining files in queue: 47
2025-08-25 07:30:56,929 - Knowledge - INFO - start ingest for /app/data/b2c/10763/b7863gd/rialto-ocdm-10763/library/include/OpenCDMSystem.h
2025-08-25 07:30:56,935 - Knowledge - INFO - worker kw5 pull /app/data/b2c/10763/b7863gd/rialto-ocdm-10763/library/CMakeLists.txt from ingest queue
2025-08-25 07:30:56,935 - Knowledge - INFO - Thread kw5 - File CMakeLists.txt - Remaining files in queue: 46
2025-08-25 07:30:56,935 - Knowledge - INFO - start ingest for /app/data/b2c/10763/b7863gd/rialto-ocdm-10763/library/CMakeLists.txt
2025-08-25 07:30:56,936 - Knowledge - INFO - adding /app/data/b2c/10763/b7863gd/rialto-ocdm-10763/build_ut.py to ingest queue
2025-08-25 07:30:56,936 - Knowledge - INFO - adding /app/data/b2c/10763/b7863gd/rialto-ocdm-10763/tests/mocks/CMakeLists.txt to ingest queue
2025-08-25 07:30:56,940 - Knowledge - INFO - worker kw2 pull /app/data/b2c/10763/b7863gd/rialto-ocdm-10763/library/include/ICdmBackend.h from ingest queue
2025-08-25 07:30:56,940 - Knowledge - INFO - Thread kw2 - File ICdmBackend.h - Remaining files in queue: 47
2025-08-25 07:30:56,940 - Knowledge - INFO - start ingest for /app/data/b2c/10763/b7863gd/rialto-ocdm-10763/library/include/ICdmBackend.h
2025-08-25 07:30:56,941 - Knowledge - INFO - Fast-track processing for simple file: /app/data/b2c/10763/b7863gd/rialto-ocdm-10763/TERMS.md
2025-08-25 07:30:56,941 - Knowledge - INFO - done fast ingest for /app/data/b2c/10763/b7863gd/rialto-ocdm-10763/TERMS.md
2025-08-25 07:30:56,943 - Knowledge - INFO - process ingested knowledge for /app/data/b2c/10763/b7863gd/rialto-ocdm-10763/TERMS.md
2025-08-25 07:30:56,944 - Knowledge - INFO - Fast-track processing for simple file: /app/data/b2c/10763/b7863gd/rialto-ocdm-10763/library/CMakeLists.txt
2025-08-25 07:30:56,944 - Knowledge - INFO - done fast ingest for /app/data/b2c/10763/b7863gd/rialto-ocdm-10763/library/CMakeLists.txt
2025-08-25 07:30:56,944 - Knowledge - INFO - process ingested knowledge for /app/data/b2c/10763/b7863gd/rialto-ocdm-10763/library/CMakeLists.txt
2025-08-25 07:30:56,993 - Knowledge - INFO - worker kw13 pull /app/data/b2c/10763/b7863gd/rialto-ocdm-10763/library/include/IMessageDispatcher.h from ingest queue
2025-08-25 07:30:56,993 - Knowledge - INFO - Thread kw13 - File IMessageDispatcher.h - Remaining files in queue: 46
2025-08-25 07:30:56,993 - Knowledge - INFO - start ingest for /app/data/b2c/10763/b7863gd/rialto-ocdm-10763/library/include/IMessageDispatcher.h
2025-08-25 07:30:56,998 - Knowledge - INFO - worker kw21 pull /app/data/b2c/10763/b7863gd/rialto-ocdm-10763/library/source/open_cdm_adapter.cpp from ingest queue
2025-08-25 07:30:56,998 - Knowledge - INFO - Thread kw21 - File open_cdm_adapter.cpp - Remaining files in queue: 45
2025-08-25 07:30:56,998 - Knowledge - INFO - start ingest for /app/data/b2c/10763/b7863gd/rialto-ocdm-10763/library/source/open_cdm_adapter.cpp
2025-08-25 07:30:57,004 - Knowledge - INFO - worker kw12 pull /app/data/b2c/10763/b7863gd/rialto-ocdm-10763/library/source/ActiveSessions.cpp from ingest queue
2025-08-25 07:30:57,004 - Knowledge - INFO - Thread kw12 - File ActiveSessions.cpp - Remaining files in queue: 44
2025-08-25 07:30:57,005 - Knowledge - INFO - start ingest for /app/data/b2c/10763/b7863gd/rialto-ocdm-10763/library/source/ActiveSessions.cpp
2025-08-25 07:30:57,016 - Knowledge - INFO - worker kw24 pull /app/data/b2c/10763/b7863gd/rialto-ocdm-10763/library/source/OpenCDMSessionPrivate.cpp from ingest queue
2025-08-25 07:30:57,016 - Knowledge - INFO - Thread kw24 - File OpenCDMSessionPrivate.cpp - Remaining files in queue: 43
2025-08-25 07:30:57,016 - Knowledge - INFO - start ingest for /app/data/b2c/10763/b7863gd/rialto-ocdm-10763/library/source/OpenCDMSessionPrivate.cpp
2025-08-25 07:30:57,034 - Knowledge - INFO - worker kw3 pull /app/data/b2c/10763/b7863gd/rialto-ocdm-10763/library/include/CdmBackend.h from ingest queue
2025-08-25 07:30:57,034 - Knowledge - INFO - Thread kw3 - File CdmBackend.h - Remaining files in queue: 42
2025-08-25 07:30:57,034 - Knowledge - INFO - start ingest for /app/data/b2c/10763/b7863gd/rialto-ocdm-10763/library/include/CdmBackend.h
2025-08-25 07:30:57,038 - Knowledge - INFO - worker kw16 pull /app/data/b2c/10763/b7863gd/rialto-ocdm-10763/library/include/ActiveSessions.h from ingest queue
2025-08-25 07:30:57,039 - Knowledge - INFO - Thread kw16 - File ActiveSessions.h - Remaining files in queue: 41
2025-08-25 07:30:57,039 - Knowledge - INFO - start ingest for /app/data/b2c/10763/b7863gd/rialto-ocdm-10763/library/include/ActiveSessions.h
2025-08-25 07:30:57,046 - Knowledge - INFO - worker kw14 pull /app/data/b2c/10763/b7863gd/rialto-ocdm-10763/library/include/OpenCDMSessionPrivate.h from ingest queue
2025-08-25 07:30:57,046 - Knowledge - INFO - Thread kw14 - File OpenCDMSessionPrivate.h - Remaining files in queue: 40
2025-08-25 07:30:57,047 - Knowledge - INFO - start ingest for /app/data/b2c/10763/b7863gd/rialto-ocdm-10763/library/include/OpenCDMSessionPrivate.h
2025-08-25 07:30:57,048 - Knowledge - INFO - worker kw15 pull /app/data/b2c/10763/b7863gd/rialto-ocdm-10763/library/source/open_cdm.cpp from ingest queue
2025-08-25 07:30:57,048 - Knowledge - INFO - Thread kw15 - File open_cdm.cpp - Remaining files in queue: 39
2025-08-25 07:30:57,048 - Knowledge - INFO - start ingest for /app/data/b2c/10763/b7863gd/rialto-ocdm-10763/library/source/open_cdm.cpp
2025-08-25 07:30:57,049 - Knowledge - INFO - Found code-base-name: https://github.com/kavia-common/rialto-ocdm-10763.git:kavia-6.0.0-rc1
2025-08-25 07:30:57,049 - Knowledge - INFO - Found code_base: <app.utils.kg_build.knowledge.KnowledgeCodeBase object at 0x7f95c418cdd0>
2025-08-25 07:30:57,050 - Knowledge - INFO - persist ingested knowledge for /app/data/b2c/10763/b7863gd/rialto-ocdm-10763/TERMS.md
2025-08-25 07:30:57,092 - Knowledge - INFO - Found code-base-name: https://github.com/kavia-common/rialto-ocdm-10763.git:kavia-6.0.0-rc1
2025-08-25 07:30:57,092 - Knowledge - INFO - Found code_base: <app.utils.kg_build.knowledge.KnowledgeCodeBase object at 0x7f95c418cdd0>
2025-08-25 07:30:57,092 - Knowledge - INFO - persist ingested knowledge for /app/data/b2c/10763/b7863gd/rialto-ocdm-10763/library/CMakeLists.txt
2025-08-25 07:30:57,097 - Knowledge - INFO - worker kw9 pull /app/data/b2c/10763/b7863gd/rialto-ocdm-10763/library/source/open_cdm_ext.cpp from ingest queue
2025-08-25 07:30:57,097 - Knowledge - INFO - Thread kw9 - File open_cdm_ext.cpp - Remaining files in queue: 38
2025-08-25 07:30:57,097 - Knowledge - INFO - start ingest for /app/data/b2c/10763/b7863gd/rialto-ocdm-10763/library/source/open_cdm_ext.cpp
2025-08-25 07:30:58,211 - Knowledge - INFO - worker kw1 pull /app/data/b2c/10763/b7863gd/rialto-ocdm-10763/tests/ut/OpenCdmTests.cpp from ingest queue
2025-08-25 07:30:58,211 - Knowledge - INFO - Thread kw1 - File OpenCdmTests.cpp - Remaining files in queue: 37
2025-08-25 07:30:58,212 - Knowledge - INFO - start ingest for /app/data/b2c/10763/b7863gd/rialto-ocdm-10763/tests/ut/OpenCdmTests.cpp
2025-08-25 07:30:58,212 - Knowledge - INFO - worker kw5 pull /app/data/b2c/10763/b7863gd/rialto-ocdm-10763/cppcheck_suppressions.xml from ingest queue
2025-08-25 07:30:58,212 - Knowledge - INFO - Thread kw5 - File cppcheck_suppressions.xml - Remaining files in queue: 36
2025-08-25 07:30:58,212 - Knowledge - INFO - start ingest for /app/data/b2c/10763/b7863gd/rialto-ocdm-10763/cppcheck_suppressions.xml
2025-08-25 07:30:58,235 - Knowledge - INFO - Fast-track processing for simple file: /app/data/b2c/10763/b7863gd/rialto-ocdm-10763/cppcheck_suppressions.xml
2025-08-25 07:30:58,235 - Knowledge - INFO - done fast ingest for /app/data/b2c/10763/b7863gd/rialto-ocdm-10763/cppcheck_suppressions.xml
2025-08-25 07:30:58,235 - Knowledge - INFO - process ingested knowledge for /app/data/b2c/10763/b7863gd/rialto-ocdm-10763/cppcheck_suppressions.xml
2025-08-25 07:30:58,235 - Knowledge - INFO - Found code-base-name: https://github.com/kavia-common/rialto-ocdm-10763.git:kavia-6.0.0-rc1
2025-08-25 07:30:58,235 - Knowledge - INFO - Found code_base: <app.utils.kg_build.knowledge.KnowledgeCodeBase object at 0x7f95c418cdd0>
2025-08-25 07:30:58,235 - Knowledge - INFO - persist ingested knowledge for /app/data/b2c/10763/b7863gd/rialto-ocdm-10763/cppcheck_suppressions.xml
2025-08-25 07:30:58,706 - Knowledge - INFO - worker kw5 pull /app/data/b2c/10763/b7863gd/rialto-ocdm-10763/library/source/MessageDispatcher.cpp from ingest queue
2025-08-25 07:30:58,707 - Knowledge - INFO - Thread kw5 - File MessageDispatcher.cpp - Remaining files in queue: 35
2025-08-25 07:30:58,707 - Knowledge - INFO - start ingest for /app/data/b2c/10763/b7863gd/rialto-ocdm-10763/library/source/MessageDispatcher.cpp
2025-08-25 07:31:05,213 - Knowledge - INFO - done ingest for /app/data/b2c/10763/b7863gd/rialto-ocdm-10763/cmake/FindRialto.cmake
2025-08-25 07:31:05,213 - Knowledge - INFO - process ingested knowledge for /app/data/b2c/10763/b7863gd/rialto-ocdm-10763/cmake/FindRialto.cmake
2025-08-25 07:31:05,213 - Knowledge - INFO - Found code-base-name: https://github.com/kavia-common/rialto-ocdm-10763.git:kavia-6.0.0-rc1
2025-08-25 07:31:05,214 - Knowledge - INFO - Found code_base: <app.utils.kg_build.knowledge.KnowledgeCodeBase object at 0x7f95c418cdd0>
2025-08-25 07:31:05,214 - Knowledge - INFO - persist ingested knowledge for /app/data/b2c/10763/b7863gd/rialto-ocdm-10763/cmake/FindRialto.cmake
2025-08-25 07:31:05,623 - Knowledge - INFO - worker kw10 pull /app/data/b2c/10763/b7863gd/rialto-ocdm-10763/library/source/Logger.cpp from ingest queue
2025-08-25 07:31:05,623 - Knowledge - INFO - Thread kw10 - File Logger.cpp - Remaining files in queue: 34
2025-08-25 07:31:05,623 - Knowledge - INFO - start ingest for /app/data/b2c/10763/b7863gd/rialto-ocdm-10763/library/source/Logger.cpp
2025-08-25 07:31:06,592 - Knowledge - INFO - done ingest for /app/data/b2c/10763/b7863gd/rialto-ocdm-10763/cmake/googletest.cmake
2025-08-25 07:31:06,592 - Knowledge - INFO - process ingested knowledge for /app/data/b2c/10763/b7863gd/rialto-ocdm-10763/cmake/googletest.cmake
2025-08-25 07:31:06,592 - Knowledge - INFO - Found code-base-name: https://github.com/kavia-common/rialto-ocdm-10763.git:kavia-6.0.0-rc1
2025-08-25 07:31:06,593 - Knowledge - INFO - Found code_base: <app.utils.kg_build.knowledge.KnowledgeCodeBase object at 0x7f95c418cdd0>
2025-08-25 07:31:06,593 - Knowledge - INFO - persist ingested knowledge for /app/data/b2c/10763/b7863gd/rialto-ocdm-10763/cmake/googletest.cmake
2025-08-25 07:31:07,092 - Knowledge - INFO - worker kw19 pull /app/data/b2c/10763/b7863gd/rialto-ocdm-10763/library/source/CdmBackend.cpp from ingest queue
2025-08-25 07:31:07,092 - Knowledge - INFO - Thread kw19 - File CdmBackend.cpp - Remaining files in queue: 33
2025-08-25 07:31:07,092 - Knowledge - INFO - start ingest for /app/data/b2c/10763/b7863gd/rialto-ocdm-10763/library/source/CdmBackend.cpp
2025-08-25 07:31:12,820 - Knowledge - INFO - done ingest for /app/data/b2c/10763/b7863gd/rialto-ocdm-10763/docs/index.html
2025-08-25 07:31:12,820 - Knowledge - INFO - process ingested knowledge for /app/data/b2c/10763/b7863gd/rialto-ocdm-10763/docs/index.html
2025-08-25 07:31:12,821 - Knowledge - INFO - Found code-base-name: https://github.com/kavia-common/rialto-ocdm-10763.git:kavia-6.0.0-rc1
2025-08-25 07:31:12,821 - Knowledge - INFO - Found code_base: <app.utils.kg_build.knowledge.KnowledgeCodeBase object at 0x7f95c418cdd0>
2025-08-25 07:31:12,821 - Knowledge - INFO - persist ingested knowledge for /app/data/b2c/10763/b7863gd/rialto-ocdm-10763/docs/index.html
2025-08-25 07:31:13,421 - Knowledge - INFO - worker kw22 pull /app/data/b2c/10763/b7863gd/rialto-ocdm-10763/tests/third-party/source/OcdmSessionsCallbacks.cpp from ingest queue
2025-08-25 07:31:13,421 - Knowledge - INFO - Thread kw22 - File OcdmSessionsCallbacks.cpp - Remaining files in queue: 32
2025-08-25 07:31:13,422 - Knowledge - INFO - start ingest for /app/data/b2c/10763/b7863gd/rialto-ocdm-10763/tests/third-party/source/OcdmSessionsCallbacks.cpp
2025-08-25 07:32:00,210 - Knowledge - INFO - done ingest for /app/data/b2c/10763/b7863gd/rialto-ocdm-10763/scripts/clang-format/process_clang-format_errors.py
2025-08-25 07:32:00,309 - Knowledge - INFO - process ingested knowledge for /app/data/b2c/10763/b7863gd/rialto-ocdm-10763/scripts/clang-format/process_clang-format_errors.py
2025-08-25 07:32:00,309 - Knowledge - INFO - Found code-base-name: https://github.com/kavia-common/rialto-ocdm-10763.git:kavia-6.0.0-rc1
2025-08-25 07:32:00,309 - Knowledge - INFO - Found code_base: <app.utils.kg_build.knowledge.KnowledgeCodeBase object at 0x7f95c418cdd0>
2025-08-25 07:32:00,309 - Knowledge - INFO - persist ingested knowledge for /app/data/b2c/10763/b7863gd/rialto-ocdm-10763/scripts/clang-format/process_clang-format_errors.py
2025-08-25 07:32:02,089 - Knowledge - INFO - persist search terms embedding for scripts/clang-format/process_clang-format_errors.py
2025-08-25 07:32:02,091 - Knowledge - INFO - worker kw25 pull /app/data/b2c/10763/b7863gd/rialto-ocdm-10763/tests/third-party/CMakeLists.txt from ingest queue
2025-08-25 07:32:02,091 - Knowledge - INFO - Thread kw25 - File CMakeLists.txt - Remaining files in queue: 31
2025-08-25 07:32:02,091 - Knowledge - INFO - start ingest for /app/data/b2c/10763/b7863gd/rialto-ocdm-10763/tests/third-party/CMakeLists.txt
2025-08-25 07:32:02,123 - Knowledge - INFO - Fast-track processing for simple file: /app/data/b2c/10763/b7863gd/rialto-ocdm-10763/tests/third-party/CMakeLists.txt
2025-08-25 07:32:02,123 - Knowledge - INFO - done fast ingest for /app/data/b2c/10763/b7863gd/rialto-ocdm-10763/tests/third-party/CMakeLists.txt
2025-08-25 07:32:02,123 - Knowledge - INFO - process ingested knowledge for /app/data/b2c/10763/b7863gd/rialto-ocdm-10763/tests/third-party/CMakeLists.txt
2025-08-25 07:32:02,124 - Knowledge - INFO - Found code-base-name: https://github.com/kavia-common/rialto-ocdm-10763.git:kavia-6.0.0-rc1
2025-08-25 07:32:02,124 - Knowledge - INFO - Found code_base: <app.utils.kg_build.knowledge.KnowledgeCodeBase object at 0x7f95c418cdd0>
2025-08-25 07:32:02,124 - Knowledge - INFO - persist ingested knowledge for /app/data/b2c/10763/b7863gd/rialto-ocdm-10763/tests/third-party/CMakeLists.txt
2025-08-25 07:32:02,802 - Knowledge - INFO - worker kw25 pull /app/data/b2c/10763/b7863gd/rialto-ocdm-10763/tests/third-party/source/MediaKeysCapabilitiesFactory.cpp from ingest queue
2025-08-25 07:32:02,802 - Knowledge - INFO - Thread kw25 - File MediaKeysCapabilitiesFactory.cpp - Remaining files in queue: 30
2025-08-25 07:32:02,803 - Knowledge - INFO - start ingest for /app/data/b2c/10763/b7863gd/rialto-ocdm-10763/tests/third-party/source/MediaKeysCapabilitiesFactory.cpp
2025-08-25 07:32:03,015 - Knowledge - INFO - done ingest for /app/data/b2c/10763/b7863gd/rialto-ocdm-10763/library/include/IMessageDispatcher.h
2025-08-25 07:32:03,117 - Knowledge - INFO - process ingested knowledge for /app/data/b2c/10763/b7863gd/rialto-ocdm-10763/library/include/IMessageDispatcher.h
2025-08-25 07:32:03,118 - Knowledge - INFO - Found code-base-name: https://github.com/kavia-common/rialto-ocdm-10763.git:kavia-6.0.0-rc1
2025-08-25 07:32:03,118 - Knowledge - INFO - Found code_base: <app.utils.kg_build.knowledge.KnowledgeCodeBase object at 0x7f95c418cdd0>
2025-08-25 07:32:03,118 - Knowledge - INFO - persist ingested knowledge for /app/data/b2c/10763/b7863gd/rialto-ocdm-10763/library/include/IMessageDispatcher.h
2025-08-25 07:32:04,304 - Knowledge - INFO - persist search terms embedding for library/include/IMessageDispatcher.h
2025-08-25 07:32:04,308 - Knowledge - INFO - worker kw13 pull /app/data/b2c/10763/b7863gd/rialto-ocdm-10763/tests/ut/MessageDispatcherTests.cpp from ingest queue
2025-08-25 07:32:04,308 - Knowledge - INFO - Thread kw13 - File MessageDispatcherTests.cpp - Remaining files in queue: 29
2025-08-25 07:32:04,308 - Knowledge - INFO - start ingest for /app/data/b2c/10763/b7863gd/rialto-ocdm-10763/tests/ut/MessageDispatcherTests.cpp
2025-08-25 07:32:21,704 - Knowledge - INFO - done ingest for /app/data/b2c/10763/b7863gd/rialto-ocdm-10763/scripts/valgrind/process_valgrind_results.py
2025-08-25 07:32:21,889 - Knowledge - INFO - process ingested knowledge for /app/data/b2c/10763/b7863gd/rialto-ocdm-10763/scripts/valgrind/process_valgrind_results.py
2025-08-25 07:32:21,889 - Knowledge - INFO - Found code-base-name: https://github.com/kavia-common/rialto-ocdm-10763.git:kavia-6.0.0-rc1
2025-08-25 07:32:21,889 - Knowledge - INFO - Found code_base: <app.utils.kg_build.knowledge.KnowledgeCodeBase object at 0x7f95c418cdd0>
2025-08-25 07:32:21,889 - Knowledge - INFO - persist ingested knowledge for /app/data/b2c/10763/b7863gd/rialto-ocdm-10763/scripts/valgrind/process_valgrind_results.py
2025-08-25 07:32:23,106 - Knowledge - INFO - done ingest for /app/data/b2c/10763/b7863gd/rialto-ocdm-10763/library/include/ActiveSessions.h
2025-08-25 07:32:23,199 - Knowledge - INFO - persist search terms embedding for scripts/valgrind/process_valgrind_results.py
2025-08-25 07:32:23,203 - Knowledge - INFO - worker kw4 pull /app/data/b2c/10763/b7863gd/rialto-ocdm-10763/tests/ut/CdmBackendTests.cpp from ingest queue
2025-08-25 07:32:23,203 - Knowledge - INFO - Thread kw4 - File CdmBackendTests.cpp - Remaining files in queue: 28
2025-08-25 07:32:23,203 - Knowledge - INFO - start ingest for /app/data/b2c/10763/b7863gd/rialto-ocdm-10763/tests/ut/CdmBackendTests.cpp
2025-08-25 07:32:23,293 - Knowledge - INFO - process ingested knowledge for /app/data/b2c/10763/b7863gd/rialto-ocdm-10763/library/include/ActiveSessions.h
2025-08-25 07:32:23,293 - Knowledge - INFO - Found code-base-name: https://github.com/kavia-common/rialto-ocdm-10763.git:kavia-6.0.0-rc1
2025-08-25 07:32:23,293 - Knowledge - INFO - Found code_base: <app.utils.kg_build.knowledge.KnowledgeCodeBase object at 0x7f95c418cdd0>
2025-08-25 07:32:23,293 - Knowledge - INFO - persist ingested knowledge for /app/data/b2c/10763/b7863gd/rialto-ocdm-10763/library/include/ActiveSessions.h
2025-08-25 07:32:24,526 - Knowledge - INFO - persist search terms embedding for library/include/ActiveSessions.h
2025-08-25 07:32:24,527 - Knowledge - INFO - worker kw16 pull /app/data/b2c/10763/b7863gd/rialto-ocdm-10763/tests/ut/OpenCdmAdapterTests.cpp from ingest queue
2025-08-25 07:32:24,527 - Knowledge - INFO - Thread kw16 - File OpenCdmAdapterTests.cpp - Remaining files in queue: 27
2025-08-25 07:32:24,588 - Knowledge - INFO - start ingest for /app/data/b2c/10763/b7863gd/rialto-ocdm-10763/tests/ut/OpenCdmAdapterTests.cpp
2025-08-25 07:32:27,103 - Knowledge - INFO - done ingest for /app/data/b2c/10763/b7863gd/rialto-ocdm-10763/library/source/ActiveSessions.cpp
2025-08-25 07:32:27,313 - Knowledge - INFO - process ingested knowledge for /app/data/b2c/10763/b7863gd/rialto-ocdm-10763/library/source/ActiveSessions.cpp
2025-08-25 07:32:27,313 - Knowledge - INFO - Found code-base-name: https://github.com/kavia-common/rialto-ocdm-10763.git:kavia-6.0.0-rc1
2025-08-25 07:32:27,313 - Knowledge - INFO - Found code_base: <app.utils.kg_build.knowledge.KnowledgeCodeBase object at 0x7f95c418cdd0>
2025-08-25 07:32:27,313 - Knowledge - INFO - persist ingested knowledge for /app/data/b2c/10763/b7863gd/rialto-ocdm-10763/library/source/ActiveSessions.cpp
2025-08-25 07:32:28,396 - Knowledge - INFO - persist search terms embedding for library/source/ActiveSessions.cpp
2025-08-25 07:32:28,396 - Knowledge - INFO - worker kw12 pull /app/data/b2c/10763/b7863gd/rialto-ocdm-10763/tests/ut/OpenCdmExtTests.cpp from ingest queue
2025-08-25 07:32:28,396 - Knowledge - INFO - Thread kw12 - File OpenCdmExtTests.cpp - Remaining files in queue: 26
2025-08-25 07:32:28,410 - Knowledge - INFO - start ingest for /app/data/b2c/10763/b7863gd/rialto-ocdm-10763/tests/ut/OpenCdmExtTests.cpp
2025-08-25 07:32:34,709 - Knowledge - INFO - done ingest for /app/data/b2c/10763/b7863gd/rialto-ocdm-10763/library/include/MediaKeysCapabilitiesBackend.h
2025-08-25 07:32:34,815 - Knowledge - INFO - process ingested knowledge for /app/data/b2c/10763/b7863gd/rialto-ocdm-10763/library/include/MediaKeysCapabilitiesBackend.h
2025-08-25 07:32:34,816 - Knowledge - INFO - Found code-base-name: https://github.com/kavia-common/rialto-ocdm-10763.git:kavia-6.0.0-rc1
2025-08-25 07:32:34,816 - Knowledge - INFO - Found code_base: <app.utils.kg_build.knowledge.KnowledgeCodeBase object at 0x7f95c418cdd0>
2025-08-25 07:32:34,816 - Knowledge - INFO - persist ingested knowledge for /app/data/b2c/10763/b7863gd/rialto-ocdm-10763/library/include/MediaKeysCapabilitiesBackend.h
2025-08-25 07:32:36,196 - Knowledge - INFO - persist search terms embedding for library/include/MediaKeysCapabilitiesBackend.h
2025-08-25 07:32:36,202 - Knowledge - INFO - worker kw20 pull /app/data/b2c/10763/b7863gd/rialto-ocdm-10763/library/source/OpenCDMSystemPrivate.cpp from ingest queue
2025-08-25 07:32:36,202 - Knowledge - INFO - Thread kw20 - File OpenCDMSystemPrivate.cpp - Remaining files in queue: 25
2025-08-25 07:32:36,202 - Knowledge - INFO - start ingest for /app/data/b2c/10763/b7863gd/rialto-ocdm-10763/library/source/OpenCDMSystemPrivate.cpp
2025-08-25 07:32:37,321 - Knowledge - INFO - done ingest for /app/data/b2c/10763/b7863gd/rialto-ocdm-10763/library/source/open_cdm_adapter.cpp
2025-08-25 07:32:37,512 - Knowledge - INFO - process ingested knowledge for /app/data/b2c/10763/b7863gd/rialto-ocdm-10763/library/source/open_cdm_adapter.cpp
2025-08-25 07:32:37,512 - Knowledge - INFO - Found code-base-name: https://github.com/kavia-common/rialto-ocdm-10763.git:kavia-6.0.0-rc1
2025-08-25 07:32:37,512 - Knowledge - INFO - Found code_base: <app.utils.kg_build.knowledge.KnowledgeCodeBase object at 0x7f95c418cdd0>
2025-08-25 07:32:37,512 - Knowledge - INFO - persist ingested knowledge for /app/data/b2c/10763/b7863gd/rialto-ocdm-10763/library/source/open_cdm_adapter.cpp
2025-08-25 07:32:38,396 - Knowledge - INFO - persist search terms embedding for library/source/open_cdm_adapter.cpp
2025-08-25 07:32:38,399 - Knowledge - INFO - worker kw21 pull /app/data/b2c/10763/b7863gd/rialto-ocdm-10763/library/source/RialtoGStreamerEMEProtectionMetadata.cpp from ingest queue
2025-08-25 07:32:38,399 - Knowledge - INFO - Thread kw21 - File RialtoGStreamerEMEProtectionMetadata.cpp - Remaining files in queue: 24
2025-08-25 07:32:38,399 - Knowledge - INFO - start ingest for /app/data/b2c/10763/b7863gd/rialto-ocdm-10763/library/source/RialtoGStreamerEMEProtectionMetadata.cpp
2025-08-25 07:32:44,722 - Knowledge - INFO - done ingest for /app/data/b2c/10763/b7863gd/rialto-ocdm-10763/library/include/RialtoGStreamerEMEProtectionMetadata.h
2025-08-25 07:32:44,905 - Knowledge - INFO - process ingested knowledge for /app/data/b2c/10763/b7863gd/rialto-ocdm-10763/library/include/RialtoGStreamerEMEProtectionMetadata.h
2025-08-25 07:32:44,905 - Knowledge - INFO - Found code-base-name: https://github.com/kavia-common/rialto-ocdm-10763.git:kavia-6.0.0-rc1
2025-08-25 07:32:44,905 - Knowledge - INFO - Found code_base: <app.utils.kg_build.knowledge.KnowledgeCodeBase object at 0x7f95c418cdd0>
2025-08-25 07:32:44,905 - Knowledge - INFO - persist ingested knowledge for /app/data/b2c/10763/b7863gd/rialto-ocdm-10763/library/include/RialtoGStreamerEMEProtectionMetadata.h
2025-08-25 07:32:46,292 - Knowledge - INFO - persist search terms embedding for library/include/RialtoGStreamerEMEProtectionMetadata.h
2025-08-25 07:32:46,305 - Knowledge - INFO - worker kw8 pull /app/data/b2c/10763/b7863gd/rialto-ocdm-10763/tests/ut/CMakeLists.txt from ingest queue
2025-08-25 07:32:46,305 - Knowledge - INFO - Thread kw8 - File CMakeLists.txt - Remaining files in queue: 23
2025-08-25 07:32:46,305 - Knowledge - INFO - start ingest for /app/data/b2c/10763/b7863gd/rialto-ocdm-10763/tests/ut/CMakeLists.txt
2025-08-25 07:32:46,323 - Knowledge - INFO - Fast-track processing for simple file: /app/data/b2c/10763/b7863gd/rialto-ocdm-10763/tests/ut/CMakeLists.txt
2025-08-25 07:32:46,323 - Knowledge - INFO - done fast ingest for /app/data/b2c/10763/b7863gd/rialto-ocdm-10763/tests/ut/CMakeLists.txt
2025-08-25 07:32:46,323 - Knowledge - INFO - process ingested knowledge for /app/data/b2c/10763/b7863gd/rialto-ocdm-10763/tests/ut/CMakeLists.txt
2025-08-25 07:32:46,324 - Knowledge - INFO - Found code-base-name: https://github.com/kavia-common/rialto-ocdm-10763.git:kavia-6.0.0-rc1
2025-08-25 07:32:46,324 - Knowledge - INFO - Found code_base: <app.utils.kg_build.knowledge.KnowledgeCodeBase object at 0x7f95c418cdd0>
2025-08-25 07:32:46,324 - Knowledge - INFO - persist ingested knowledge for /app/data/b2c/10763/b7863gd/rialto-ocdm-10763/tests/ut/CMakeLists.txt
2025-08-25 07:32:47,003 - Knowledge - INFO - worker kw8 pull /app/data/b2c/10763/b7863gd/rialto-ocdm-10763/tests/ut/LoggerTests.cpp from ingest queue
2025-08-25 07:32:47,004 - Knowledge - INFO - Thread kw8 - File LoggerTests.cpp - Remaining files in queue: 22
2025-08-25 07:32:47,004 - Knowledge - INFO - start ingest for /app/data/b2c/10763/b7863gd/rialto-ocdm-10763/tests/ut/LoggerTests.cpp
2025-08-25 07:33:02,316 - Knowledge - INFO - done ingest for /app/data/b2c/10763/b7863gd/rialto-ocdm-10763/library/source/MessageDispatcher.cpp
2025-08-25 07:33:02,506 - Knowledge - INFO - process ingested knowledge for /app/data/b2c/10763/b7863gd/rialto-ocdm-10763/library/source/MessageDispatcher.cpp
2025-08-25 07:33:02,507 - Knowledge - INFO - Found code-base-name: https://github.com/kavia-common/rialto-ocdm-10763.git:kavia-6.0.0-rc1
2025-08-25 07:33:02,507 - Knowledge - INFO - Found code_base: <app.utils.kg_build.knowledge.KnowledgeCodeBase object at 0x7f95c418cdd0>
2025-08-25 07:33:02,507 - Knowledge - INFO - persist ingested knowledge for /app/data/b2c/10763/b7863gd/rialto-ocdm-10763/library/source/MessageDispatcher.cpp
2025-08-25 07:33:03,808 - Knowledge - INFO - persist search terms embedding for library/source/MessageDispatcher.cpp
2025-08-25 07:33:03,819 - Knowledge - INFO - worker kw5 pull /app/data/b2c/10763/b7863gd/rialto-ocdm-10763/tests/ut/OpenCdmSessionTests.cpp from ingest queue
2025-08-25 07:33:03,819 - Knowledge - INFO - Thread kw5 - File OpenCdmSessionTests.cpp - Remaining files in queue: 21
2025-08-25 07:33:03,819 - Knowledge - INFO - start ingest for /app/data/b2c/10763/b7863gd/rialto-ocdm-10763/tests/ut/OpenCdmSessionTests.cpp
2025-08-25 07:33:05,593 - Knowledge - INFO - done ingest for /app/data/b2c/10763/b7863gd/rialto-ocdm-10763/library/include/Logger.h
2025-08-25 07:33:05,698 - Knowledge - INFO - process ingested knowledge for /app/data/b2c/10763/b7863gd/rialto-ocdm-10763/library/include/Logger.h
2025-08-25 07:33:05,698 - Knowledge - INFO - Found code-base-name: https://github.com/kavia-common/rialto-ocdm-10763.git:kavia-6.0.0-rc1
2025-08-25 07:33:05,698 - Knowledge - INFO - Found code_base: <app.utils.kg_build.knowledge.KnowledgeCodeBase object at 0x7f95c418cdd0>
2025-08-25 07:33:05,698 - Knowledge - INFO - persist ingested knowledge for /app/data/b2c/10763/b7863gd/rialto-ocdm-10763/library/include/Logger.h
2025-08-25 07:33:06,707 - Knowledge - INFO - persist search terms embedding for library/include/Logger.h
2025-08-25 07:33:06,710 - Knowledge - INFO - worker kw6 pull /app/data/b2c/10763/b7863gd/rialto-ocdm-10763/library/source/MediaKeysCapabilitiesBackend.cpp from ingest queue
2025-08-25 07:33:06,710 - Knowledge - INFO - Thread kw6 - File MediaKeysCapabilitiesBackend.cpp - Remaining files in queue: 20
2025-08-25 07:33:06,710 - Knowledge - INFO - start ingest for /app/data/b2c/10763/b7863gd/rialto-ocdm-10763/library/source/MediaKeysCapabilitiesBackend.cpp
2025-08-25 07:33:11,721 - Knowledge - INFO - done ingest for /app/data/b2c/10763/b7863gd/rialto-ocdm-10763/library/include/OpenCDMSystem.h
2025-08-25 07:33:11,900 - Knowledge - INFO - process ingested knowledge for /app/data/b2c/10763/b7863gd/rialto-ocdm-10763/library/include/OpenCDMSystem.h
2025-08-25 07:33:11,901 - Knowledge - INFO - Found code-base-name: https://github.com/kavia-common/rialto-ocdm-10763.git:kavia-6.0.0-rc1
2025-08-25 07:33:11,901 - Knowledge - INFO - Found code_base: <app.utils.kg_build.knowledge.KnowledgeCodeBase object at 0x7f95c418cdd0>
2025-08-25 07:33:11,901 - Knowledge - INFO - persist ingested knowledge for /app/data/b2c/10763/b7863gd/rialto-ocdm-10763/library/include/OpenCDMSystem.h
2025-08-25 07:33:12,927 - Knowledge - INFO - persist search terms embedding for library/include/OpenCDMSystem.h
2025-08-25 07:33:12,993 - Knowledge - INFO - worker kw23 pull /app/data/b2c/10763/b7863gd/rialto-ocdm-10763/tests/third-party/source/MediaKeysFactory.cpp from ingest queue
2025-08-25 07:33:12,993 - Knowledge - INFO - Thread kw23 - File MediaKeysFactory.cpp - Remaining files in queue: 19
2025-08-25 07:33:12,993 - Knowledge - INFO - start ingest for /app/data/b2c/10763/b7863gd/rialto-ocdm-10763/tests/third-party/source/MediaKeysFactory.cpp
2025-08-25 07:33:15,632 - Knowledge - INFO - done ingest for /app/data/b2c/10763/b7863gd/rialto-ocdm-10763/library/include/MessageDispatcher.h
2025-08-25 07:33:15,824 - Knowledge - INFO - process ingested knowledge for /app/data/b2c/10763/b7863gd/rialto-ocdm-10763/library/include/MessageDispatcher.h
2025-08-25 07:33:15,824 - Knowledge - INFO - Found code-base-name: https://github.com/kavia-common/rialto-ocdm-10763.git:kavia-6.0.0-rc1
2025-08-25 07:33:15,824 - Knowledge - INFO - Found code_base: <app.utils.kg_build.knowledge.KnowledgeCodeBase object at 0x7f95c418cdd0>
2025-08-25 07:33:15,824 - Knowledge - INFO - persist ingested knowledge for /app/data/b2c/10763/b7863gd/rialto-ocdm-10763/library/include/MessageDispatcher.h
2025-08-25 07:33:17,204 - Knowledge - INFO - persist search terms embedding for library/include/MessageDispatcher.h
2025-08-25 07:33:17,205 - Knowledge - INFO - worker kw18 pull /app/data/b2c/10763/b7863gd/rialto-ocdm-10763/tests/mocks/MediaKeysMock.h from ingest queue
2025-08-25 07:33:17,205 - Knowledge - INFO - Thread kw18 - File MediaKeysMock.h - Remaining files in queue: 18
2025-08-25 07:33:17,206 - Knowledge - INFO - start ingest for /app/data/b2c/10763/b7863gd/rialto-ocdm-10763/tests/mocks/MediaKeysMock.h
2025-08-25 07:33:18,507 - Knowledge - INFO - done ingest for /app/data/b2c/10763/b7863gd/rialto-ocdm-10763/tests/third-party/source/OcdmSessionsCallbacks.cpp
2025-08-25 07:33:18,727 - Knowledge - INFO - process ingested knowledge for /app/data/b2c/10763/b7863gd/rialto-ocdm-10763/tests/third-party/source/OcdmSessionsCallbacks.cpp
2025-08-25 07:33:18,727 - Knowledge - INFO - Found code-base-name: https://github.com/kavia-common/rialto-ocdm-10763.git:kavia-6.0.0-rc1
2025-08-25 07:33:18,727 - Knowledge - INFO - Found code_base: <app.utils.kg_build.knowledge.KnowledgeCodeBase object at 0x7f95c418cdd0>
2025-08-25 07:33:18,727 - Knowledge - INFO - persist ingested knowledge for /app/data/b2c/10763/b7863gd/rialto-ocdm-10763/tests/third-party/source/OcdmSessionsCallbacks.cpp
2025-08-25 07:33:19,788 - Knowledge - INFO - persist search terms embedding for tests/third-party/source/OcdmSessionsCallbacks.cpp
2025-08-25 07:33:19,792 - Knowledge - INFO - worker kw22 pull /app/data/b2c/10763/b7863gd/rialto-ocdm-10763/tests/ut/MediaKeysCapabilitiesBackendTests.cpp from ingest queue
2025-08-25 07:33:19,792 - Knowledge - INFO - Thread kw22 - File MediaKeysCapabilitiesBackendTests.cpp - Remaining files in queue: 17
2025-08-25 07:33:19,792 - Knowledge - INFO - start ingest for /app/data/b2c/10763/b7863gd/rialto-ocdm-10763/tests/ut/MediaKeysCapabilitiesBackendTests.cpp
2025-08-25 07:33:42,510 - Knowledge - INFO - done ingest for /app/data/b2c/10763/b7863gd/rialto-ocdm-10763/library/include/OpenCDMSession.h
2025-08-25 07:33:42,622 - Knowledge - INFO - process ingested knowledge for /app/data/b2c/10763/b7863gd/rialto-ocdm-10763/library/include/OpenCDMSession.h
2025-08-25 07:33:42,623 - Knowledge - INFO - Found code-base-name: https://github.com/kavia-common/rialto-ocdm-10763.git:kavia-6.0.0-rc1
2025-08-25 07:33:42,623 - Knowledge - INFO - Found code_base: <app.utils.kg_build.knowledge.KnowledgeCodeBase object at 0x7f95c418cdd0>
2025-08-25 07:33:42,623 - Knowledge - INFO - persist ingested knowledge for /app/data/b2c/10763/b7863gd/rialto-ocdm-10763/library/include/OpenCDMSession.h
2025-08-25 07:33:43,730 - Knowledge - INFO - persist search terms embedding for library/include/OpenCDMSession.h
2025-08-25 07:33:43,732 - Knowledge - INFO - worker kw17 pull /app/data/b2c/10763/b7863gd/rialto-ocdm-10763/tests/ut/ActiveSessionsTests.cpp from ingest queue
2025-08-25 07:33:43,732 - Knowledge - INFO - Thread kw17 - File ActiveSessionsTests.cpp - Remaining files in queue: 16
2025-08-25 07:33:43,733 - Knowledge - INFO - start ingest for /app/data/b2c/10763/b7863gd/rialto-ocdm-10763/tests/ut/ActiveSessionsTests.cpp
2025-08-25 07:33:50,001 - Knowledge - INFO - done ingest for /app/data/b2c/10763/b7863gd/rialto-ocdm-10763/tests/third-party/source/MediaKeysCapabilitiesFactory.cpp
2025-08-25 07:33:50,112 - Knowledge - INFO - process ingested knowledge for /app/data/b2c/10763/b7863gd/rialto-ocdm-10763/tests/third-party/source/MediaKeysCapabilitiesFactory.cpp
2025-08-25 07:33:50,112 - Knowledge - INFO - Found code-base-name: https://github.com/kavia-common/rialto-ocdm-10763.git:kavia-6.0.0-rc1
2025-08-25 07:33:50,112 - Knowledge - INFO - Found code_base: <app.utils.kg_build.knowledge.KnowledgeCodeBase object at 0x7f95c418cdd0>
2025-08-25 07:33:50,112 - Knowledge - INFO - persist ingested knowledge for /app/data/b2c/10763/b7863gd/rialto-ocdm-10763/tests/third-party/source/MediaKeysCapabilitiesFactory.cpp
2025-08-25 07:33:51,698 - Knowledge - INFO - persist search terms embedding for tests/third-party/source/MediaKeysCapabilitiesFactory.cpp
2025-08-25 07:33:51,709 - Knowledge - INFO - worker kw25 pull /app/data/b2c/10763/b7863gd/rialto-ocdm-10763/README.md from ingest queue
2025-08-25 07:33:51,709 - Knowledge - INFO - Thread kw25 - File README.md - Remaining files in queue: 15
2025-08-25 07:33:51,711 - Knowledge - INFO - start ingest for /app/data/b2c/10763/b7863gd/rialto-ocdm-10763/README.md
2025-08-25 07:33:51,811 - Knowledge - INFO - Fast-track processing for simple file: /app/data/b2c/10763/b7863gd/rialto-ocdm-10763/README.md
2025-08-25 07:33:51,811 - Knowledge - INFO - done fast ingest for /app/data/b2c/10763/b7863gd/rialto-ocdm-10763/README.md
2025-08-25 07:33:51,811 - Knowledge - INFO - process ingested knowledge for /app/data/b2c/10763/b7863gd/rialto-ocdm-10763/README.md
2025-08-25 07:33:51,811 - Knowledge - INFO - Found code-base-name: https://github.com/kavia-common/rialto-ocdm-10763.git:kavia-6.0.0-rc1
2025-08-25 07:33:51,811 - Knowledge - INFO - Found code_base: <app.utils.kg_build.knowledge.KnowledgeCodeBase object at 0x7f95c418cdd0>
2025-08-25 07:33:51,811 - Knowledge - INFO - persist ingested knowledge for /app/data/b2c/10763/b7863gd/rialto-ocdm-10763/README.md
2025-08-25 07:33:52,405 - Knowledge - INFO - worker kw25 pull /app/data/b2c/10763/b7863gd/rialto-ocdm-10763/tests/third-party/source/ControlFactory.cpp from ingest queue
2025-08-25 07:33:52,405 - Knowledge - INFO - Thread kw25 - File ControlFactory.cpp - Remaining files in queue: 14
2025-08-25 07:33:52,405 - Knowledge - INFO - start ingest for /app/data/b2c/10763/b7863gd/rialto-ocdm-10763/tests/third-party/source/ControlFactory.cpp
2025-08-25 07:33:59,598 - Knowledge - INFO - done ingest for /app/data/b2c/10763/b7863gd/rialto-ocdm-10763/library/include/OpenCDMSystemPrivate.h
2025-08-25 07:33:59,708 - Knowledge - INFO - process ingested knowledge for /app/data/b2c/10763/b7863gd/rialto-ocdm-10763/library/include/OpenCDMSystemPrivate.h
2025-08-25 07:33:59,708 - Knowledge - INFO - Found code-base-name: https://github.com/kavia-common/rialto-ocdm-10763.git:kavia-6.0.0-rc1
2025-08-25 07:33:59,708 - Knowledge - INFO - Found code_base: <app.utils.kg_build.knowledge.KnowledgeCodeBase object at 0x7f95c418cdd0>
2025-08-25 07:33:59,708 - Knowledge - INFO - persist ingested knowledge for /app/data/b2c/10763/b7863gd/rialto-ocdm-10763/library/include/OpenCDMSystemPrivate.h
2025-08-25 07:34:01,211 - Knowledge - INFO - persist search terms embedding for library/include/OpenCDMSystemPrivate.h
2025-08-25 07:34:01,211 - Knowledge - INFO - worker kw7 pull /app/data/b2c/10763/b7863gd/rialto-ocdm-10763/tests/ut/OpenCdmSystemTests.cpp from ingest queue
2025-08-25 07:34:01,211 - Knowledge - INFO - Thread kw7 - File OpenCdmSystemTests.cpp - Remaining files in queue: 13
2025-08-25 07:34:01,212 - Knowledge - INFO - start ingest for /app/data/b2c/10763/b7863gd/rialto-ocdm-10763/tests/ut/OpenCdmSystemTests.cpp
2025-08-25 07:34:02,608 - Knowledge - INFO - done ingest for /app/data/b2c/10763/b7863gd/rialto-ocdm-10763/library/include/ICdmBackend.h
2025-08-25 07:34:02,719 - Knowledge - INFO - process ingested knowledge for /app/data/b2c/10763/b7863gd/rialto-ocdm-10763/library/include/ICdmBackend.h
2025-08-25 07:34:02,719 - Knowledge - INFO - Found code-base-name: https://github.com/kavia-common/rialto-ocdm-10763.git:kavia-6.0.0-rc1
2025-08-25 07:34:02,719 - Knowledge - INFO - Found code_base: <app.utils.kg_build.knowledge.KnowledgeCodeBase object at 0x7f95c418cdd0>
2025-08-25 07:34:02,719 - Knowledge - INFO - persist ingested knowledge for /app/data/b2c/10763/b7863gd/rialto-ocdm-10763/library/include/ICdmBackend.h
2025-08-25 07:34:03,989 - Knowledge - INFO - persist search terms embedding for library/include/ICdmBackend.h
2025-08-25 07:34:03,999 - Knowledge - INFO - worker kw2 pull /app/data/b2c/10763/b7863gd/rialto-ocdm-10763/tests/mocks/CdmBackendMock.h from ingest queue
2025-08-25 07:34:03,999 - Knowledge - INFO - Thread kw2 - File CdmBackendMock.h - Remaining files in queue: 12
2025-08-25 07:34:04,000 - Knowledge - INFO - start ingest for /app/data/b2c/10763/b7863gd/rialto-ocdm-10763/tests/mocks/CdmBackendMock.h
2025-08-25 07:34:08,200 - Knowledge - INFO - done ingest for /app/data/b2c/10763/b7863gd/rialto-ocdm-10763/tests/ut/LoggerTests.cpp
2025-08-25 07:34:08,304 - Knowledge - INFO - process ingested knowledge for /app/data/b2c/10763/b7863gd/rialto-ocdm-10763/tests/ut/LoggerTests.cpp
2025-08-25 07:34:08,304 - Knowledge - INFO - Found code-base-name: https://github.com/kavia-common/rialto-ocdm-10763.git:kavia-6.0.0-rc1
2025-08-25 07:34:08,304 - Knowledge - INFO - Found code_base: <app.utils.kg_build.knowledge.KnowledgeCodeBase object at 0x7f95c418cdd0>
2025-08-25 07:34:08,304 - Knowledge - INFO - persist ingested knowledge for /app/data/b2c/10763/b7863gd/rialto-ocdm-10763/tests/ut/LoggerTests.cpp
2025-08-25 07:34:09,610 - Knowledge - INFO - persist search terms embedding for tests/ut/LoggerTests.cpp
2025-08-25 07:34:09,611 - Knowledge - INFO - worker kw8 pull /app/data/b2c/10763/b7863gd/rialto-ocdm-10763/tests/mocks/MediaKeysCapabilitiesMock.h from ingest queue
2025-08-25 07:34:09,611 - Knowledge - INFO - Thread kw8 - File MediaKeysCapabilitiesMock.h - Remaining files in queue: 11
2025-08-25 07:34:09,611 - Knowledge - INFO - start ingest for /app/data/b2c/10763/b7863gd/rialto-ocdm-10763/tests/mocks/MediaKeysCapabilitiesMock.h
2025-08-25 07:34:16,919 - Knowledge - INFO - done ingest for /app/data/b2c/10763/b7863gd/rialto-ocdm-10763/tests/third-party/source/MediaKeysFactory.cpp
2025-08-25 07:34:17,106 - Knowledge - INFO - process ingested knowledge for /app/data/b2c/10763/b7863gd/rialto-ocdm-10763/tests/third-party/source/MediaKeysFactory.cpp
2025-08-25 07:34:17,106 - Knowledge - INFO - Found code-base-name: https://github.com/kavia-common/rialto-ocdm-10763.git:kavia-6.0.0-rc1
2025-08-25 07:34:17,107 - Knowledge - INFO - Found code_base: <app.utils.kg_build.knowledge.KnowledgeCodeBase object at 0x7f95c418cdd0>
2025-08-25 07:34:17,107 - Knowledge - INFO - persist ingested knowledge for /app/data/b2c/10763/b7863gd/rialto-ocdm-10763/tests/third-party/source/MediaKeysFactory.cpp
2025-08-25 07:34:18,393 - Knowledge - INFO - persist search terms embedding for tests/third-party/source/MediaKeysFactory.cpp
2025-08-25 07:34:18,396 - Knowledge - INFO - worker kw23 pull /app/data/b2c/10763/b7863gd/rialto-ocdm-10763/tests/mocks/MediaKeysClientMock.h from ingest queue
2025-08-25 07:34:18,396 - Knowledge - INFO - Thread kw23 - File MediaKeysClientMock.h - Remaining files in queue: 10
2025-08-25 07:34:18,396 - Knowledge - INFO - start ingest for /app/data/b2c/10763/b7863gd/rialto-ocdm-10763/tests/mocks/MediaKeysClientMock.h
2025-08-25 07:34:22,794 - Knowledge - INFO - done ingest for /app/data/b2c/10763/b7863gd/rialto-ocdm-10763/tests/ut/MessageDispatcherTests.cpp
2025-08-25 07:34:22,908 - Knowledge - INFO - process ingested knowledge for /app/data/b2c/10763/b7863gd/rialto-ocdm-10763/tests/ut/MessageDispatcherTests.cpp
2025-08-25 07:34:22,909 - Knowledge - INFO - Found code-base-name: https://github.com/kavia-common/rialto-ocdm-10763.git:kavia-6.0.0-rc1
2025-08-25 07:34:22,909 - Knowledge - INFO - Found code_base: <app.utils.kg_build.knowledge.KnowledgeCodeBase object at 0x7f95c418cdd0>
2025-08-25 07:34:22,909 - Knowledge - INFO - persist ingested knowledge for /app/data/b2c/10763/b7863gd/rialto-ocdm-10763/tests/ut/MessageDispatcherTests.cpp
2025-08-25 07:34:24,309 - Knowledge - INFO - persist search terms embedding for tests/ut/MessageDispatcherTests.cpp
2025-08-25 07:34:24,311 - Knowledge - INFO - worker kw13 pull /app/data/b2c/10763/b7863gd/rialto-ocdm-10763/tests/mocks/OpenCDMSystemMock.h from ingest queue
2025-08-25 07:34:24,311 - Knowledge - INFO - Thread kw13 - File OpenCDMSystemMock.h - Remaining files in queue: 9
2025-08-25 07:34:24,311 - Knowledge - INFO - start ingest for /app/data/b2c/10763/b7863gd/rialto-ocdm-10763/tests/mocks/OpenCDMSystemMock.h
2025-08-25 07:34:29,628 - Knowledge - INFO - done ingest for /app/data/b2c/10763/b7863gd/rialto-ocdm-10763/tests/ut/OpenCdmAdapterTests.cpp
2025-08-25 07:34:29,812 - Knowledge - INFO - process ingested knowledge for /app/data/b2c/10763/b7863gd/rialto-ocdm-10763/tests/ut/OpenCdmAdapterTests.cpp
2025-08-25 07:34:29,812 - Knowledge - INFO - Found code-base-name: https://github.com/kavia-common/rialto-ocdm-10763.git:kavia-6.0.0-rc1
2025-08-25 07:34:29,812 - Knowledge - INFO - Found code_base: <app.utils.kg_build.knowledge.KnowledgeCodeBase object at 0x7f95c418cdd0>
2025-08-25 07:34:29,812 - Knowledge - INFO - persist ingested knowledge for /app/data/b2c/10763/b7863gd/rialto-ocdm-10763/tests/ut/OpenCdmAdapterTests.cpp
2025-08-25 07:34:31,305 - Knowledge - INFO - persist search terms embedding for tests/ut/OpenCdmAdapterTests.cpp
2025-08-25 07:34:31,313 - Knowledge - INFO - worker kw16 pull /app/data/b2c/10763/b7863gd/rialto-ocdm-10763/tests/mocks/OpenCDMSessionMock.h from ingest queue
2025-08-25 07:34:31,313 - Knowledge - INFO - Thread kw16 - File OpenCDMSessionMock.h - Remaining files in queue: 8
2025-08-25 07:34:31,313 - Knowledge - INFO - start ingest for /app/data/b2c/10763/b7863gd/rialto-ocdm-10763/tests/mocks/OpenCDMSessionMock.h
2025-08-25 07:34:31,714 - Knowledge - INFO - done ingest for /app/data/b2c/10763/b7863gd/rialto-ocdm-10763/library/source/RialtoGStreamerEMEProtectionMetadata.cpp
2025-08-25 07:34:31,899 - Knowledge - INFO - process ingested knowledge for /app/data/b2c/10763/b7863gd/rialto-ocdm-10763/library/source/RialtoGStreamerEMEProtectionMetadata.cpp
2025-08-25 07:34:31,899 - Knowledge - INFO - Found code-base-name: https://github.com/kavia-common/rialto-ocdm-10763.git:kavia-6.0.0-rc1
2025-08-25 07:34:31,899 - Knowledge - INFO - Found code_base: <app.utils.kg_build.knowledge.KnowledgeCodeBase object at 0x7f95c418cdd0>
2025-08-25 07:34:31,899 - Knowledge - INFO - persist ingested knowledge for /app/data/b2c/10763/b7863gd/rialto-ocdm-10763/library/source/RialtoGStreamerEMEProtectionMetadata.cpp
2025-08-25 07:34:32,892 - Knowledge - INFO - persist search terms embedding for library/source/RialtoGStreamerEMEProtectionMetadata.cpp
2025-08-25 07:34:32,894 - Knowledge - INFO - worker kw21 pull /app/data/b2c/10763/b7863gd/rialto-ocdm-10763/tests/mocks/MessageDispatcherMock.h from ingest queue
2025-08-25 07:34:32,894 - Knowledge - INFO - Thread kw21 - File MessageDispatcherMock.h - Remaining files in queue: 7
2025-08-25 07:34:32,894 - Knowledge - INFO - start ingest for /app/data/b2c/10763/b7863gd/rialto-ocdm-10763/tests/mocks/MessageDispatcherMock.h
2025-08-25 07:34:51,213 - Knowledge - INFO - done ingest for /app/data/b2c/10763/b7863gd/rialto-ocdm-10763/tests/third-party/source/ControlFactory.cpp
2025-08-25 07:34:51,319 - Knowledge - INFO - process ingested knowledge for /app/data/b2c/10763/b7863gd/rialto-ocdm-10763/tests/third-party/source/ControlFactory.cpp
2025-08-25 07:34:51,320 - Knowledge - INFO - Found code-base-name: https://github.com/kavia-common/rialto-ocdm-10763.git:kavia-6.0.0-rc1
2025-08-25 07:34:51,320 - Knowledge - INFO - Found code_base: <app.utils.kg_build.knowledge.KnowledgeCodeBase object at 0x7f95c418cdd0>
2025-08-25 07:34:51,320 - Knowledge - INFO - persist ingested knowledge for /app/data/b2c/10763/b7863gd/rialto-ocdm-10763/tests/third-party/source/ControlFactory.cpp
2025-08-25 07:34:52,548 - Knowledge - INFO - persist search terms embedding for tests/third-party/source/ControlFactory.cpp
2025-08-25 07:34:52,592 - Knowledge - INFO - worker kw25 pull /app/data/b2c/10763/b7863gd/rialto-ocdm-10763/CONTRIBUTING.md from ingest queue
2025-08-25 07:34:52,592 - Knowledge - INFO - Thread kw25 - File CONTRIBUTING.md - Remaining files in queue: 6
2025-08-25 07:34:52,592 - Knowledge - INFO - start ingest for /app/data/b2c/10763/b7863gd/rialto-ocdm-10763/CONTRIBUTING.md
2025-08-25 07:34:52,605 - Knowledge - INFO - Fast-track processing for simple file: /app/data/b2c/10763/b7863gd/rialto-ocdm-10763/CONTRIBUTING.md
2025-08-25 07:34:52,605 - Knowledge - INFO - done fast ingest for /app/data/b2c/10763/b7863gd/rialto-ocdm-10763/CONTRIBUTING.md
2025-08-25 07:34:52,605 - Knowledge - INFO - process ingested knowledge for /app/data/b2c/10763/b7863gd/rialto-ocdm-10763/CONTRIBUTING.md
2025-08-25 07:34:52,605 - Knowledge - INFO - Found code-base-name: https://github.com/kavia-common/rialto-ocdm-10763.git:kavia-6.0.0-rc1
2025-08-25 07:34:52,605 - Knowledge - INFO - Found code_base: <app.utils.kg_build.knowledge.KnowledgeCodeBase object at 0x7f95c418cdd0>
2025-08-25 07:34:52,605 - Knowledge - INFO - persist ingested knowledge for /app/data/b2c/10763/b7863gd/rialto-ocdm-10763/CONTRIBUTING.md
2025-08-25 07:34:53,207 - Knowledge - INFO - worker kw25 pull /app/data/b2c/10763/b7863gd/rialto-ocdm-10763/CHANGELOG.md from ingest queue
2025-08-25 07:34:53,207 - Knowledge - INFO - Thread kw25 - File CHANGELOG.md - Remaining files in queue: 5
2025-08-25 07:34:53,208 - Knowledge - INFO - start ingest for /app/data/b2c/10763/b7863gd/rialto-ocdm-10763/CHANGELOG.md
2025-08-25 07:34:53,310 - Knowledge - INFO - Fast-track processing for simple file: /app/data/b2c/10763/b7863gd/rialto-ocdm-10763/CHANGELOG.md
2025-08-25 07:34:53,310 - Knowledge - INFO - done fast ingest for /app/data/b2c/10763/b7863gd/rialto-ocdm-10763/CHANGELOG.md
2025-08-25 07:34:53,310 - Knowledge - INFO - process ingested knowledge for /app/data/b2c/10763/b7863gd/rialto-ocdm-10763/CHANGELOG.md
2025-08-25 07:34:53,310 - Knowledge - INFO - Found code-base-name: https://github.com/kavia-common/rialto-ocdm-10763.git:kavia-6.0.0-rc1
2025-08-25 07:34:53,310 - Knowledge - INFO - Found code_base: <app.utils.kg_build.knowledge.KnowledgeCodeBase object at 0x7f95c418cdd0>
2025-08-25 07:34:53,311 - Knowledge - INFO - persist ingested knowledge for /app/data/b2c/10763/b7863gd/rialto-ocdm-10763/CHANGELOG.md
2025-08-25 07:34:53,910 - Knowledge - INFO - worker kw25 pull /app/data/b2c/10763/b7863gd/rialto-ocdm-10763/tests/mocks/MessageDispatcherClientMock.h from ingest queue
2025-08-25 07:34:53,910 - Knowledge - INFO - Thread kw25 - File MessageDispatcherClientMock.h - Remaining files in queue: 4
2025-08-25 07:34:53,911 - Knowledge - INFO - start ingest for /app/data/b2c/10763/b7863gd/rialto-ocdm-10763/tests/mocks/MessageDispatcherClientMock.h
2025-08-25 07:34:54,290 - Knowledge - INFO - done ingest for /app/data/b2c/10763/b7863gd/rialto-ocdm-10763/library/include/CdmBackend.h
2025-08-25 07:34:54,414 - Knowledge - INFO - process ingested knowledge for /app/data/b2c/10763/b7863gd/rialto-ocdm-10763/library/include/CdmBackend.h
2025-08-25 07:34:54,415 - Knowledge - INFO - Found code-base-name: https://github.com/kavia-common/rialto-ocdm-10763.git:kavia-6.0.0-rc1
2025-08-25 07:34:54,415 - Knowledge - INFO - Found code_base: <app.utils.kg_build.knowledge.KnowledgeCodeBase object at 0x7f95c418cdd0>
2025-08-25 07:34:54,415 - Knowledge - INFO - persist ingested knowledge for /app/data/b2c/10763/b7863gd/rialto-ocdm-10763/library/include/CdmBackend.h
2025-08-25 07:34:55,511 - Knowledge - INFO - persist search terms embedding for library/include/CdmBackend.h
2025-08-25 07:34:55,512 - Knowledge - INFO - worker kw3 pull /app/data/b2c/10763/b7863gd/rialto-ocdm-10763/tests/mocks/OcdmSessionsCallbacksMock.h from ingest queue
2025-08-25 07:34:55,512 - Knowledge - INFO - Thread kw3 - File OcdmSessionsCallbacksMock.h - Remaining files in queue: 3
2025-08-25 07:34:55,512 - Knowledge - INFO - start ingest for /app/data/b2c/10763/b7863gd/rialto-ocdm-10763/tests/mocks/OcdmSessionsCallbacksMock.h
2025-08-25 07:35:04,395 - Knowledge - INFO - done ingest for /app/data/b2c/10763/b7863gd/rialto-ocdm-10763/library/source/Logger.cpp
2025-08-25 07:35:04,589 - Knowledge - INFO - process ingested knowledge for /app/data/b2c/10763/b7863gd/rialto-ocdm-10763/library/source/Logger.cpp
2025-08-25 07:35:04,589 - Knowledge - INFO - Found code-base-name: https://github.com/kavia-common/rialto-ocdm-10763.git:kavia-6.0.0-rc1
2025-08-25 07:35:04,589 - Knowledge - INFO - Found code_base: <app.utils.kg_build.knowledge.KnowledgeCodeBase object at 0x7f95c418cdd0>
2025-08-25 07:35:04,589 - Knowledge - INFO - persist ingested knowledge for /app/data/b2c/10763/b7863gd/rialto-ocdm-10763/library/source/Logger.cpp
2025-08-25 07:35:05,791 - Knowledge - INFO - persist search terms embedding for library/source/Logger.cpp
2025-08-25 07:35:05,799 - Knowledge - INFO - worker kw10 pull /app/data/b2c/10763/b7863gd/rialto-ocdm-10763/tests/mocks/ControlMock.h from ingest queue
2025-08-25 07:35:05,799 - Knowledge - INFO - Thread kw10 - File ControlMock.h - Remaining files in queue: 2
2025-08-25 07:35:05,799 - Knowledge - INFO - start ingest for /app/data/b2c/10763/b7863gd/rialto-ocdm-10763/tests/mocks/ControlMock.h
2025-08-25 07:35:14,608 - Knowledge - INFO - done ingest for /app/data/b2c/10763/b7863gd/rialto-ocdm-10763/library/source/MediaKeysCapabilitiesBackend.cpp
2025-08-25 07:35:14,718 - Knowledge - INFO - process ingested knowledge for /app/data/b2c/10763/b7863gd/rialto-ocdm-10763/library/source/MediaKeysCapabilitiesBackend.cpp
2025-08-25 07:35:14,718 - Knowledge - INFO - Found code-base-name: https://github.com/kavia-common/rialto-ocdm-10763.git:kavia-6.0.0-rc1
2025-08-25 07:35:14,718 - Knowledge - INFO - Found code_base: <app.utils.kg_build.knowledge.KnowledgeCodeBase object at 0x7f95c418cdd0>
2025-08-25 07:35:14,718 - Knowledge - INFO - persist ingested knowledge for /app/data/b2c/10763/b7863gd/rialto-ocdm-10763/library/source/MediaKeysCapabilitiesBackend.cpp
2025-08-25 07:35:16,102 - Knowledge - INFO - persist search terms embedding for library/source/MediaKeysCapabilitiesBackend.cpp
2025-08-25 07:35:16,113 - Knowledge - INFO - worker kw6 pull /app/data/b2c/10763/b7863gd/rialto-ocdm-10763/build_ut.py from ingest queue
2025-08-25 07:35:16,113 - Knowledge - INFO - Thread kw6 - File build_ut.py - Remaining files in queue: 1
2025-08-25 07:35:16,113 - Knowledge - INFO - start ingest for /app/data/b2c/10763/b7863gd/rialto-ocdm-10763/build_ut.py
2025-08-25 07:35:28,508 - Knowledge - INFO - done ingest for /app/data/b2c/10763/b7863gd/rialto-ocdm-10763/library/include/OpenCDMSessionPrivate.h
2025-08-25 07:35:28,624 - Knowledge - INFO - process ingested knowledge for /app/data/b2c/10763/b7863gd/rialto-ocdm-10763/library/include/OpenCDMSessionPrivate.h
2025-08-25 07:35:28,625 - Knowledge - INFO - Found code-base-name: https://github.com/kavia-common/rialto-ocdm-10763.git:kavia-6.0.0-rc1
2025-08-25 07:35:28,625 - Knowledge - INFO - Found code_base: <app.utils.kg_build.knowledge.KnowledgeCodeBase object at 0x7f95c418cdd0>
2025-08-25 07:35:28,625 - Knowledge - INFO - persist ingested knowledge for /app/data/b2c/10763/b7863gd/rialto-ocdm-10763/library/include/OpenCDMSessionPrivate.h
2025-08-25 07:35:30,004 - Knowledge - INFO - persist search terms embedding for library/include/OpenCDMSessionPrivate.h
2025-08-25 07:35:30,009 - Knowledge - INFO - worker kw14 pull /app/data/b2c/10763/b7863gd/rialto-ocdm-10763/tests/mocks/CMakeLists.txt from ingest queue
2025-08-25 07:35:30,009 - Knowledge - INFO - Thread kw14 - File CMakeLists.txt - Remaining files in queue: 0
2025-08-25 07:35:30,009 - Knowledge - INFO - start ingest for /app/data/b2c/10763/b7863gd/rialto-ocdm-10763/tests/mocks/CMakeLists.txt
2025-08-25 07:35:30,093 - Knowledge - INFO - Fast-track processing for simple file: /app/data/b2c/10763/b7863gd/rialto-ocdm-10763/tests/mocks/CMakeLists.txt
2025-08-25 07:35:30,093 - Knowledge - INFO - done fast ingest for /app/data/b2c/10763/b7863gd/rialto-ocdm-10763/tests/mocks/CMakeLists.txt
2025-08-25 07:35:30,094 - Knowledge - INFO - process ingested knowledge for /app/data/b2c/10763/b7863gd/rialto-ocdm-10763/tests/mocks/CMakeLists.txt
2025-08-25 07:35:30,094 - Knowledge - INFO - Found code-base-name: https://github.com/kavia-common/rialto-ocdm-10763.git:kavia-6.0.0-rc1
2025-08-25 07:35:30,094 - Knowledge - INFO - Found code_base: <app.utils.kg_build.knowledge.KnowledgeCodeBase object at 0x7f95c418cdd0>
2025-08-25 07:35:30,094 - Knowledge - INFO - persist ingested knowledge for /app/data/b2c/10763/b7863gd/rialto-ocdm-10763/tests/mocks/CMakeLists.txt
2025-08-25 07:35:44,289 - Knowledge - INFO - done ingest for /app/data/b2c/10763/b7863gd/rialto-ocdm-10763/tests/ut/MediaKeysCapabilitiesBackendTests.cpp
2025-08-25 07:35:44,589 - Knowledge - INFO - process ingested knowledge for /app/data/b2c/10763/b7863gd/rialto-ocdm-10763/tests/ut/MediaKeysCapabilitiesBackendTests.cpp
2025-08-25 07:35:44,590 - Knowledge - INFO - Found code-base-name: https://github.com/kavia-common/rialto-ocdm-10763.git:kavia-6.0.0-rc1
2025-08-25 07:35:44,590 - Knowledge - INFO - Found code_base: <app.utils.kg_build.knowledge.KnowledgeCodeBase object at 0x7f95c418cdd0>
2025-08-25 07:35:44,590 - Knowledge - INFO - persist ingested knowledge for /app/data/b2c/10763/b7863gd/rialto-ocdm-10763/tests/ut/MediaKeysCapabilitiesBackendTests.cpp
2025-08-25 07:35:44,622 - Knowledge - INFO - done ingest for /app/data/b2c/10763/b7863gd/rialto-ocdm-10763/tests/mocks/MediaKeysClientMock.h
2025-08-25 07:35:44,821 - Knowledge - INFO - process ingested knowledge for /app/data/b2c/10763/b7863gd/rialto-ocdm-10763/tests/mocks/MediaKeysClientMock.h
2025-08-25 07:35:45,927 - Knowledge - INFO - persist search terms embedding for tests/ut/MediaKeysCapabilitiesBackendTests.cpp
2025-08-25 07:35:45,992 - Knowledge - INFO - Found code-base-name: https://github.com/kavia-common/rialto-ocdm-10763.git:kavia-6.0.0-rc1
2025-08-25 07:35:45,992 - Knowledge - INFO - Found code_base: <app.utils.kg_build.knowledge.KnowledgeCodeBase object at 0x7f95c418cdd0>
2025-08-25 07:35:45,993 - Knowledge - INFO - persist ingested knowledge for /app/data/b2c/10763/b7863gd/rialto-ocdm-10763/tests/mocks/MediaKeysClientMock.h
2025-08-25 07:35:47,210 - Knowledge - INFO - persist search terms embedding for tests/mocks/MediaKeysClientMock.h
2025-08-25 07:35:47,402 - Knowledge - INFO - done ingest for /app/data/b2c/10763/b7863gd/rialto-ocdm-10763/tests/mocks/MessageDispatcherClientMock.h
2025-08-25 07:35:47,526 - Knowledge - INFO - process ingested knowledge for /app/data/b2c/10763/b7863gd/rialto-ocdm-10763/tests/mocks/MessageDispatcherClientMock.h
2025-08-25 07:35:47,599 - Knowledge - INFO - Found code-base-name: https://github.com/kavia-common/rialto-ocdm-10763.git:kavia-6.0.0-rc1
2025-08-25 07:35:47,599 - Knowledge - INFO - Found code_base: <app.utils.kg_build.knowledge.KnowledgeCodeBase object at 0x7f95c418cdd0>
2025-08-25 07:35:47,599 - Knowledge - INFO - persist ingested knowledge for /app/data/b2c/10763/b7863gd/rialto-ocdm-10763/tests/mocks/MessageDispatcherClientMock.h
2025-08-25 07:35:48,419 - Knowledge - INFO - persist search terms embedding for tests/mocks/MessageDispatcherClientMock.h
2025-08-25 07:35:55,393 - Knowledge - INFO - done ingest for /app/data/b2c/10763/b7863gd/rialto-ocdm-10763/tests/mocks/MessageDispatcherMock.h
2025-08-25 07:35:55,499 - Knowledge - INFO - process ingested knowledge for /app/data/b2c/10763/b7863gd/rialto-ocdm-10763/tests/mocks/MessageDispatcherMock.h
2025-08-25 07:35:55,503 - Knowledge - INFO - Found code-base-name: https://github.com/kavia-common/rialto-ocdm-10763.git:kavia-6.0.0-rc1
2025-08-25 07:35:55,503 - Knowledge - INFO - Found code_base: <app.utils.kg_build.knowledge.KnowledgeCodeBase object at 0x7f95c418cdd0>
2025-08-25 07:35:55,503 - Knowledge - INFO - persist ingested knowledge for /app/data/b2c/10763/b7863gd/rialto-ocdm-10763/tests/mocks/MessageDispatcherMock.h
2025-08-25 07:35:56,806 - Knowledge - INFO - persist search terms embedding for tests/mocks/MessageDispatcherMock.h
2025-08-25 07:36:03,988 - Knowledge - INFO - done ingest for /app/data/b2c/10763/b7863gd/rialto-ocdm-10763/tests/ut/ActiveSessionsTests.cpp
2025-08-25 07:36:04,119 - Knowledge - INFO - process ingested knowledge for /app/data/b2c/10763/b7863gd/rialto-ocdm-10763/tests/ut/ActiveSessionsTests.cpp
2025-08-25 07:36:04,197 - Knowledge - INFO - Found code-base-name: https://github.com/kavia-common/rialto-ocdm-10763.git:kavia-6.0.0-rc1
2025-08-25 07:36:04,198 - Knowledge - INFO - Found code_base: <app.utils.kg_build.knowledge.KnowledgeCodeBase object at 0x7f95c418cdd0>
2025-08-25 07:36:04,198 - Knowledge - INFO - persist ingested knowledge for /app/data/b2c/10763/b7863gd/rialto-ocdm-10763/tests/ut/ActiveSessionsTests.cpp
2025-08-25 07:36:05,303 - Knowledge - INFO - done ingest for /app/data/b2c/10763/b7863gd/rialto-ocdm-10763/tests/mocks/MediaKeysCapabilitiesMock.h
2025-08-25 07:36:05,496 - Knowledge - INFO - process ingested knowledge for /app/data/b2c/10763/b7863gd/rialto-ocdm-10763/tests/mocks/MediaKeysCapabilitiesMock.h
2025-08-25 07:36:05,588 - Knowledge - INFO - persist search terms embedding for tests/ut/ActiveSessionsTests.cpp
2025-08-25 07:36:05,701 - Knowledge - INFO - Found code-base-name: https://github.com/kavia-common/rialto-ocdm-10763.git:kavia-6.0.0-rc1
2025-08-25 07:36:05,701 - Knowledge - INFO - Found code_base: <app.utils.kg_build.knowledge.KnowledgeCodeBase object at 0x7f95c418cdd0>
2025-08-25 07:36:05,701 - Knowledge - INFO - persist ingested knowledge for /app/data/b2c/10763/b7863gd/rialto-ocdm-10763/tests/mocks/MediaKeysCapabilitiesMock.h
2025-08-25 07:36:06,700 - Knowledge - INFO - persist search terms embedding for tests/mocks/MediaKeysCapabilitiesMock.h
2025-08-25 07:36:16,505 - Knowledge - INFO - done ingest for /app/data/b2c/10763/b7863gd/rialto-ocdm-10763/library/source/open_cdm_ext.cpp
2025-08-25 07:36:16,623 - Knowledge - INFO - process ingested knowledge for /app/data/b2c/10763/b7863gd/rialto-ocdm-10763/library/source/open_cdm_ext.cpp
2025-08-25 07:36:16,707 - Knowledge - INFO - Found code-base-name: https://github.com/kavia-common/rialto-ocdm-10763.git:kavia-6.0.0-rc1
2025-08-25 07:36:16,707 - Knowledge - INFO - Found code_base: <app.utils.kg_build.knowledge.KnowledgeCodeBase object at 0x7f95c418cdd0>
2025-08-25 07:36:16,707 - Knowledge - INFO - persist ingested knowledge for /app/data/b2c/10763/b7863gd/rialto-ocdm-10763/library/source/open_cdm_ext.cpp
2025-08-25 07:36:18,122 - Knowledge - INFO - persist search terms embedding for library/source/open_cdm_ext.cpp
2025-08-25 07:36:21,192 - Knowledge - INFO - done ingest for /app/data/b2c/10763/b7863gd/rialto-ocdm-10763/library/source/OpenCDMSessionPrivate.cpp
2025-08-25 07:36:21,301 - Knowledge - INFO - process ingested knowledge for /app/data/b2c/10763/b7863gd/rialto-ocdm-10763/library/source/OpenCDMSessionPrivate.cpp
2025-08-25 07:36:21,389 - Knowledge - INFO - Found code-base-name: https://github.com/kavia-common/rialto-ocdm-10763.git:kavia-6.0.0-rc1
2025-08-25 07:36:21,389 - Knowledge - INFO - Found code_base: <app.utils.kg_build.knowledge.KnowledgeCodeBase object at 0x7f95c418cdd0>
2025-08-25 07:36:21,389 - Knowledge - INFO - persist ingested knowledge for /app/data/b2c/10763/b7863gd/rialto-ocdm-10763/library/source/OpenCDMSessionPrivate.cpp
2025-08-25 07:36:22,494 - Knowledge - INFO - persist search terms embedding for library/source/OpenCDMSessionPrivate.cpp
2025-08-25 07:36:23,594 - Knowledge - INFO - done ingest for /app/data/b2c/10763/b7863gd/rialto-ocdm-10763/library/source/OpenCDMSystemPrivate.cpp
2025-08-25 07:36:23,719 - Knowledge - INFO - process ingested knowledge for /app/data/b2c/10763/b7863gd/rialto-ocdm-10763/library/source/OpenCDMSystemPrivate.cpp
2025-08-25 07:36:23,727 - Knowledge - INFO - Found code-base-name: https://github.com/kavia-common/rialto-ocdm-10763.git:kavia-6.0.0-rc1
2025-08-25 07:36:23,728 - Knowledge - INFO - Found code_base: <app.utils.kg_build.knowledge.KnowledgeCodeBase object at 0x7f95c418cdd0>
2025-08-25 07:36:23,788 - Knowledge - INFO - persist ingested knowledge for /app/data/b2c/10763/b7863gd/rialto-ocdm-10763/library/source/OpenCDMSystemPrivate.cpp
2025-08-25 07:36:25,023 - Knowledge - INFO - persist search terms embedding for library/source/OpenCDMSystemPrivate.cpp
2025-08-25 07:36:27,511 - Knowledge - INFO - done ingest for /app/data/b2c/10763/b7863gd/rialto-ocdm-10763/tests/mocks/MediaKeysMock.h
2025-08-25 07:36:27,712 - Knowledge - INFO - process ingested knowledge for /app/data/b2c/10763/b7863gd/rialto-ocdm-10763/tests/mocks/MediaKeysMock.h
2025-08-25 07:36:27,804 - Knowledge - INFO - Found code-base-name: https://github.com/kavia-common/rialto-ocdm-10763.git:kavia-6.0.0-rc1
2025-08-25 07:36:27,804 - Knowledge - INFO - Found code_base: <app.utils.kg_build.knowledge.KnowledgeCodeBase object at 0x7f95c418cdd0>
2025-08-25 07:36:27,804 - Knowledge - INFO - persist ingested knowledge for /app/data/b2c/10763/b7863gd/rialto-ocdm-10763/tests/mocks/MediaKeysMock.h
2025-08-25 07:36:29,002 - Knowledge - INFO - persist search terms embedding for tests/mocks/MediaKeysMock.h
2025-08-25 07:36:32,988 - Knowledge - INFO - done ingest for /app/data/b2c/10763/b7863gd/rialto-ocdm-10763/library/source/open_cdm.cpp
2025-08-25 07:36:33,204 - Knowledge - INFO - process ingested knowledge for /app/data/b2c/10763/b7863gd/rialto-ocdm-10763/library/source/open_cdm.cpp
2025-08-25 07:36:33,215 - Knowledge - INFO - Found code-base-name: https://github.com/kavia-common/rialto-ocdm-10763.git:kavia-6.0.0-rc1
2025-08-25 07:36:33,215 - Knowledge - INFO - Found code_base: <app.utils.kg_build.knowledge.KnowledgeCodeBase object at 0x7f95c418cdd0>
2025-08-25 07:36:33,215 - Knowledge - INFO - persist ingested knowledge for /app/data/b2c/10763/b7863gd/rialto-ocdm-10763/library/source/open_cdm.cpp
2025-08-25 07:36:33,291 - Knowledge - INFO - done ingest for /app/data/b2c/10763/b7863gd/rialto-ocdm-10763/library/source/CdmBackend.cpp
2025-08-25 07:36:33,396 - Knowledge - INFO - process ingested knowledge for /app/data/b2c/10763/b7863gd/rialto-ocdm-10763/library/source/CdmBackend.cpp
2025-08-25 07:36:34,807 - Knowledge - INFO - persist search terms embedding for library/source/open_cdm.cpp
2025-08-25 07:36:34,921 - Knowledge - INFO - Found code-base-name: https://github.com/kavia-common/rialto-ocdm-10763.git:kavia-6.0.0-rc1
2025-08-25 07:36:34,921 - Knowledge - INFO - Found code_base: <app.utils.kg_build.knowledge.KnowledgeCodeBase object at 0x7f95c418cdd0>
2025-08-25 07:36:34,922 - Knowledge - INFO - persist ingested knowledge for /app/data/b2c/10763/b7863gd/rialto-ocdm-10763/library/source/CdmBackend.cpp
2025-08-25 07:36:35,191 - Knowledge - INFO - done ingest for /app/data/b2c/10763/b7863gd/rialto-ocdm-10763/tests/mocks/OcdmSessionsCallbacksMock.h
2025-08-25 07:36:35,316 - Knowledge - INFO - process ingested knowledge for /app/data/b2c/10763/b7863gd/rialto-ocdm-10763/tests/mocks/OcdmSessionsCallbacksMock.h
2025-08-25 07:36:36,621 - Knowledge - INFO - persist search terms embedding for library/source/CdmBackend.cpp
2025-08-25 07:36:36,698 - Knowledge - INFO - Found code-base-name: https://github.com/kavia-common/rialto-ocdm-10763.git:kavia-6.0.0-rc1
2025-08-25 07:36:36,698 - Knowledge - INFO - Found code_base: <app.utils.kg_build.knowledge.KnowledgeCodeBase object at 0x7f95c418cdd0>
2025-08-25 07:36:36,698 - Knowledge - INFO - persist ingested knowledge for /app/data/b2c/10763/b7863gd/rialto-ocdm-10763/tests/mocks/OcdmSessionsCallbacksMock.h
2025-08-25 07:36:37,316 - Knowledge - INFO - done ingest for /app/data/b2c/10763/b7863gd/rialto-ocdm-10763/tests/mocks/ControlMock.h
2025-08-25 07:36:37,493 - Knowledge - INFO - process ingested knowledge for /app/data/b2c/10763/b7863gd/rialto-ocdm-10763/tests/mocks/ControlMock.h
2025-08-25 07:36:38,297 - Knowledge - INFO - persist search terms embedding for tests/mocks/OcdmSessionsCallbacksMock.h
2025-08-25 07:36:38,523 - Knowledge - INFO - Found code-base-name: https://github.com/kavia-common/rialto-ocdm-10763.git:kavia-6.0.0-rc1
2025-08-25 07:36:38,523 - Knowledge - INFO - Found code_base: <app.utils.kg_build.knowledge.KnowledgeCodeBase object at 0x7f95c418cdd0>
2025-08-25 07:36:38,523 - Knowledge - INFO - persist ingested knowledge for /app/data/b2c/10763/b7863gd/rialto-ocdm-10763/tests/mocks/ControlMock.h
2025-08-25 07:36:40,189 - Knowledge - INFO - persist search terms embedding for tests/mocks/ControlMock.h
2025-08-25 07:36:43,724 - Knowledge - INFO - done ingest for /app/data/b2c/10763/b7863gd/rialto-ocdm-10763/tests/mocks/CdmBackendMock.h
2025-08-25 07:36:43,911 - Knowledge - INFO - process ingested knowledge for /app/data/b2c/10763/b7863gd/rialto-ocdm-10763/tests/mocks/CdmBackendMock.h
2025-08-25 07:36:44,002 - Knowledge - INFO - Found code-base-name: https://github.com/kavia-common/rialto-ocdm-10763.git:kavia-6.0.0-rc1
2025-08-25 07:36:44,002 - Knowledge - INFO - Found code_base: <app.utils.kg_build.knowledge.KnowledgeCodeBase object at 0x7f95c418cdd0>
2025-08-25 07:36:44,002 - Knowledge - INFO - persist ingested knowledge for /app/data/b2c/10763/b7863gd/rialto-ocdm-10763/tests/mocks/CdmBackendMock.h
2025-08-25 07:36:45,289 - Knowledge - INFO - done ingest for /app/data/b2c/10763/b7863gd/rialto-ocdm-10763/tests/ut/CdmBackendTests.cpp
2025-08-25 07:36:45,403 - Knowledge - INFO - process ingested knowledge for /app/data/b2c/10763/b7863gd/rialto-ocdm-10763/tests/ut/CdmBackendTests.cpp
2025-08-25 07:36:45,999 - Knowledge - INFO - persist search terms embedding for tests/mocks/CdmBackendMock.h
2025-08-25 07:36:46,894 - Knowledge - INFO - Found code-base-name: https://github.com/kavia-common/rialto-ocdm-10763.git:kavia-6.0.0-rc1
2025-08-25 07:36:46,894 - Knowledge - INFO - Found code_base: <app.utils.kg_build.knowledge.KnowledgeCodeBase object at 0x7f95c418cdd0>
2025-08-25 07:36:46,894 - Knowledge - INFO - persist ingested knowledge for /app/data/b2c/10763/b7863gd/rialto-ocdm-10763/tests/ut/CdmBackendTests.cpp
2025-08-25 07:36:47,504 - Knowledge - INFO - done ingest for /app/data/b2c/10763/b7863gd/rialto-ocdm-10763/tests/ut/OpenCdmSystemTests.cpp
2025-08-25 07:36:47,706 - Knowledge - INFO - process ingested knowledge for /app/data/b2c/10763/b7863gd/rialto-ocdm-10763/tests/ut/OpenCdmSystemTests.cpp
2025-08-25 07:36:49,199 - Knowledge - INFO - persist search terms embedding for tests/ut/CdmBackendTests.cpp
2025-08-25 07:36:49,404 - Knowledge - INFO - Found code-base-name: https://github.com/kavia-common/rialto-ocdm-10763.git:kavia-6.0.0-rc1
2025-08-25 07:36:49,404 - Knowledge - INFO - Found code_base: <app.utils.kg_build.knowledge.KnowledgeCodeBase object at 0x7f95c418cdd0>
2025-08-25 07:36:49,404 - Knowledge - INFO - persist ingested knowledge for /app/data/b2c/10763/b7863gd/rialto-ocdm-10763/tests/ut/OpenCdmSystemTests.cpp
2025-08-25 07:36:50,811 - Knowledge - INFO - done ingest for /app/data/b2c/10763/b7863gd/rialto-ocdm-10763/tests/mocks/OpenCDMSystemMock.h
2025-08-25 07:36:51,004 - Knowledge - INFO - process ingested knowledge for /app/data/b2c/10763/b7863gd/rialto-ocdm-10763/tests/mocks/OpenCDMSystemMock.h
2025-08-25 07:36:52,493 - Knowledge - INFO - persist search terms embedding for tests/ut/OpenCdmSystemTests.cpp
2025-08-25 07:36:52,903 - Knowledge - INFO - done ingest for /app/data/b2c/10763/b7863gd/rialto-ocdm-10763/build_ut.py
2025-08-25 07:36:53,115 - Knowledge - INFO - process ingested knowledge for /app/data/b2c/10763/b7863gd/rialto-ocdm-10763/build_ut.py
2025-08-25 07:36:53,194 - Knowledge - INFO - Found code-base-name: https://github.com/kavia-common/rialto-ocdm-10763.git:kavia-6.0.0-rc1
2025-08-25 07:36:53,194 - Knowledge - INFO - Found code_base: <app.utils.kg_build.knowledge.KnowledgeCodeBase object at 0x7f95c418cdd0>
2025-08-25 07:36:53,194 - Knowledge - INFO - persist ingested knowledge for /app/data/b2c/10763/b7863gd/rialto-ocdm-10763/tests/mocks/OpenCDMSystemMock.h
2025-08-25 07:36:53,205 - Knowledge - INFO - Found code-base-name: https://github.com/kavia-common/rialto-ocdm-10763.git:kavia-6.0.0-rc1
2025-08-25 07:36:53,206 - Knowledge - INFO - Found code_base: <app.utils.kg_build.knowledge.KnowledgeCodeBase object at 0x7f95c418cdd0>
2025-08-25 07:36:53,206 - Knowledge - INFO - persist ingested knowledge for /app/data/b2c/10763/b7863gd/rialto-ocdm-10763/build_ut.py
2025-08-25 07:36:54,790 - Knowledge - INFO - persist search terms embedding for tests/mocks/OpenCDMSystemMock.h
2025-08-25 07:36:56,397 - Knowledge - INFO - persist search terms embedding for build_ut.py
2025-08-25 07:37:11,800 - Knowledge - INFO - done ingest for /app/data/b2c/10763/b7863gd/rialto-ocdm-10763/tests/mocks/OpenCDMSessionMock.h
2025-08-25 07:37:11,906 - Knowledge - INFO - process ingested knowledge for /app/data/b2c/10763/b7863gd/rialto-ocdm-10763/tests/mocks/OpenCDMSessionMock.h
2025-08-25 07:37:12,100 - Knowledge - INFO - Found code-base-name: https://github.com/kavia-common/rialto-ocdm-10763.git:kavia-6.0.0-rc1
2025-08-25 07:37:12,100 - Knowledge - INFO - Found code_base: <app.utils.kg_build.knowledge.KnowledgeCodeBase object at 0x7f95c418cdd0>
2025-08-25 07:37:12,100 - Knowledge - INFO - persist ingested knowledge for /app/data/b2c/10763/b7863gd/rialto-ocdm-10763/tests/mocks/OpenCDMSessionMock.h
2025-08-25 07:37:14,025 - Knowledge - INFO - persist search terms embedding for tests/mocks/OpenCDMSessionMock.h
2025-08-25 07:37:15,794 - Knowledge - INFO - done ingest for /app/data/b2c/10763/b7863gd/rialto-ocdm-10763/tests/ut/OpenCdmSessionTests.cpp
2025-08-25 07:37:15,999 - Knowledge - INFO - process ingested knowledge for /app/data/b2c/10763/b7863gd/rialto-ocdm-10763/tests/ut/OpenCdmSessionTests.cpp
2025-08-25 07:37:16,105 - Knowledge - INFO - Found code-base-name: https://github.com/kavia-common/rialto-ocdm-10763.git:kavia-6.0.0-rc1
2025-08-25 07:37:16,105 - Knowledge - INFO - Found code_base: <app.utils.kg_build.knowledge.KnowledgeCodeBase object at 0x7f95c418cdd0>
2025-08-25 07:37:16,105 - Knowledge - INFO - persist ingested knowledge for /app/data/b2c/10763/b7863gd/rialto-ocdm-10763/tests/ut/OpenCdmSessionTests.cpp
2025-08-25 07:37:17,716 - Knowledge - INFO - persist search terms embedding for tests/ut/OpenCdmSessionTests.cpp
2025-08-25 07:37:32,299 - Knowledge - INFO - done ingest for /app/data/b2c/10763/b7863gd/rialto-ocdm-10763/tests/ut/OpenCdmExtTests.cpp
2025-08-25 07:37:32,409 - Knowledge - INFO - process ingested knowledge for /app/data/b2c/10763/b7863gd/rialto-ocdm-10763/tests/ut/OpenCdmExtTests.cpp
2025-08-25 07:37:33,028 - Knowledge - INFO - Found code-base-name: https://github.com/kavia-common/rialto-ocdm-10763.git:kavia-6.0.0-rc1
2025-08-25 07:37:33,028 - Knowledge - INFO - Found code_base: <app.utils.kg_build.knowledge.KnowledgeCodeBase object at 0x7f95c418cdd0>
2025-08-25 07:37:33,028 - Knowledge - INFO - persist ingested knowledge for /app/data/b2c/10763/b7863gd/rialto-ocdm-10763/tests/ut/OpenCdmExtTests.cpp
2025-08-25 07:37:36,712 - Knowledge - INFO - done ingest for /app/data/b2c/10763/b7863gd/rialto-ocdm-10763/tests/ut/OpenCdmTests.cpp
2025-08-25 07:37:36,997 - Knowledge - INFO - process ingested knowledge for /app/data/b2c/10763/b7863gd/rialto-ocdm-10763/tests/ut/OpenCdmTests.cpp
2025-08-25 07:37:37,793 - Knowledge - INFO - persist search terms embedding for tests/ut/OpenCdmExtTests.cpp
2025-08-25 07:37:38,603 - Knowledge - INFO - Found code-base-name: https://github.com/kavia-common/rialto-ocdm-10763.git:kavia-6.0.0-rc1
2025-08-25 07:37:38,603 - Knowledge - INFO - Found code_base: <app.utils.kg_build.knowledge.KnowledgeCodeBase object at 0x7f95c418cdd0>
2025-08-25 07:37:38,603 - Knowledge - INFO - persist ingested knowledge for /app/data/b2c/10763/b7863gd/rialto-ocdm-10763/tests/ut/OpenCdmTests.cpp
2025-08-25 07:37:40,906 - Knowledge - INFO - persist search terms embedding for tests/ut/OpenCdmTests.cpp
2025-08-25 07:38:05,105 - Knowledge - ERROR - _service_ingest_queue had exception  for file /app/data/b2c/10763/b7863gd/rialto-ocdm-10763/scripts/cpplint/cpplint.py
Traceback (most recent call last):
  File "/usr/local/lib/python3.11/asyncio/tasks.py", line 500, in wait_for
    return fut.result()
           ^^^^^^^^^^^^
  File "/app/app/utils/kg_build/knowledge.py", line 1723, in _ingest_file
    response = await llm.llm_interaction_wrapper(
               ^^^^^^^^^^^^^^^^^^^^^^^^^^^^^^^^^^
  File "/usr/local/lib/python3.11/site-packages/llm_wrapper/core/llm_interface.py", line 341, in llm_interaction_wrapper
    completion = await invoke_llm()
                 ^^^^^^^^^^^^^^^^^^
  File "/usr/local/lib/python3.11/site-packages/llm_wrapper/core/llm_interface.py", line 287, in invoke_llm
    return await loop.run_in_executor(None, blocking_call_wrapper)
           ^^^^^^^^^^^^^^^^^^^^^^^^^^^^^^^^^^^^^^^^^^^^^^^^^^^^^^^
asyncio.exceptions.CancelledError

The above exception was the direct cause of the following exception:

Traceback (most recent call last):
  File "/app/app/utils/kg_build/knowledge.py", line 324, in _service_ingest_queue
    file_info = self.loop_worker.run_until_complete(asyncio.wait_for( knowledge._ingest_file(filename, self.mongo_handler), knowledge.timeout))
                ^^^^^^^^^^^^^^^^^^^^^^^^^^^^^^^^^^^^^^^^^^^^^^^^^^^^^^^^^^^^^^^^^^^^^^^^^^^^^^^^^^^^^^^^^^^^^^^^^^^^^^^^^^^^^^^^^^^^^^^^^^^^^^^
  File "/usr/local/lib/python3.11/asyncio/base_events.py", line 654, in run_until_complete
    return future.result()
           ^^^^^^^^^^^^^^^
  File "/usr/local/lib/python3.11/asyncio/tasks.py", line 502, in wait_for
    raise exceptions.TimeoutError() from exc
TimeoutError
2025-08-25 07:38:05,200 - Knowledge - INFO - process ingested knowledge for /app/data/b2c/10763/b7863gd/rialto-ocdm-10763/scripts/cpplint/cpplint.py
2025-08-25 07:38:05,205 - Knowledge - INFO - Found code-base-name: https://github.com/kavia-common/rialto-ocdm-10763.git:kavia-6.0.0-rc1
2025-08-25 07:38:05,206 - Knowledge - INFO - Found code_base: <app.utils.kg_build.knowledge.KnowledgeCodeBase object at 0x7f95c418cdd0>
2025-08-25 07:38:05,206 - Knowledge - INFO - persist ingested knowledge for /app/data/b2c/10763/b7863gd/rialto-ocdm-10763/scripts/cpplint/cpplint.py
2025-08-25 07:38:05,270 - Knowledge - INFO - Knowledge creation complete
2025-08-25 07:38:05,271 - Knowledge - INFO - Updating org costs, total cost: 0.036626599999999995
2025-08-25 07:38:05,567 - Knowledge - INFO - Saving knowledge to Redis...
2025-08-25 07:38:05,606 - Knowledge - INFO - Knowledge saved to Redis successfully
2025-08-25 08:45:12,945 - Knowledge - INFO - Redis support added with prefix knowledge:b7863gd:
2025-08-25 08:45:13,109 - Knowledge - INFO - load persisted knowledge: begin
2025-08-25 08:45:14,015 - Knowledge - INFO - Persisted knowledge files in /app/data/b2c/10763/b7863gd/rialto-ocdm-10763/.knowledge have been renamed to use .json
2025-08-25 08:45:14,026 - Knowledge - INFO - Found code-base-name: https://github.com/kavia-common/rialto-ocdm-10763.git:kavia-6.0.0-rc1
2025-08-25 08:45:14,026 - Knowledge - INFO - Found code_base: <app.utils.kg_build.knowledge.KnowledgeCodeBase object at 0x7f6dac7a9390>
2025-08-25 08:45:14,026 - Knowledge - INFO - process ingested knowledge for /app/data/b2c/10763/b7863gd/rialto-ocdm-10763/library/include/ActiveSessions.h
2025-08-25 08:45:14,033 - Knowledge - INFO - Found code-base-name: https://github.com/kavia-common/rialto-ocdm-10763.git:kavia-6.0.0-rc1
2025-08-25 08:45:14,033 - Knowledge - INFO - Found code_base: <app.utils.kg_build.knowledge.KnowledgeCodeBase object at 0x7f6dac7a9390>
2025-08-25 08:45:14,033 - Knowledge - INFO - process ingested knowledge for /app/data/b2c/10763/b7863gd/rialto-ocdm-10763/tests/mocks/OpenCDMSessionMock.h
2025-08-25 08:45:14,040 - Knowledge - INFO - Found code-base-name: https://github.com/kavia-common/rialto-ocdm-10763.git:kavia-6.0.0-rc1
2025-08-25 08:45:14,040 - Knowledge - INFO - Found code_base: <app.utils.kg_build.knowledge.KnowledgeCodeBase object at 0x7f6dac7a9390>
2025-08-25 08:45:14,040 - Knowledge - INFO - process ingested knowledge for /app/data/b2c/10763/b7863gd/rialto-ocdm-10763/library/include/OpenCDMSystem.h
2025-08-25 08:45:14,052 - Knowledge - INFO - Found code-base-name: https://github.com/kavia-common/rialto-ocdm-10763.git:kavia-6.0.0-rc1
2025-08-25 08:45:14,052 - Knowledge - INFO - Found code_base: <app.utils.kg_build.knowledge.KnowledgeCodeBase object at 0x7f6dac7a9390>
2025-08-25 08:45:14,052 - Knowledge - INFO - process ingested knowledge for /app/data/b2c/10763/b7863gd/rialto-ocdm-10763/tests/ut/CMakeLists.txt
2025-08-25 08:45:14,059 - Knowledge - INFO - Found code-base-name: https://github.com/kavia-common/rialto-ocdm-10763.git:kavia-6.0.0-rc1
2025-08-25 08:45:14,060 - Knowledge - INFO - Found code_base: <app.utils.kg_build.knowledge.KnowledgeCodeBase object at 0x7f6dac7a9390>
2025-08-25 08:45:14,060 - Knowledge - INFO - process ingested knowledge for /app/data/b2c/10763/b7863gd/rialto-ocdm-10763/library/source/ActiveSessions.cpp
2025-08-25 08:45:14,067 - Knowledge - INFO - Found code-base-name: https://github.com/kavia-common/rialto-ocdm-10763.git:kavia-6.0.0-rc1
2025-08-25 08:45:14,067 - Knowledge - INFO - Found code_base: <app.utils.kg_build.knowledge.KnowledgeCodeBase object at 0x7f6dac7a9390>
2025-08-25 08:45:14,067 - Knowledge - INFO - process ingested knowledge for /app/data/b2c/10763/b7863gd/rialto-ocdm-10763/tests/third-party/source/MediaKeysCapabilitiesFactory.cpp
2025-08-25 08:45:14,075 - Knowledge - INFO - Found code-base-name: https://github.com/kavia-common/rialto-ocdm-10763.git:kavia-6.0.0-rc1
2025-08-25 08:45:14,076 - Knowledge - INFO - Found code_base: <app.utils.kg_build.knowledge.KnowledgeCodeBase object at 0x7f6dac7a9390>
2025-08-25 08:45:14,076 - Knowledge - INFO - process ingested knowledge for /app/data/b2c/10763/b7863gd/rialto-ocdm-10763/tests/ut/OpenCdmSessionTests.cpp
2025-08-25 08:45:14,084 - Knowledge - INFO - Found code-base-name: https://github.com/kavia-common/rialto-ocdm-10763.git:kavia-6.0.0-rc1
2025-08-25 08:45:14,084 - Knowledge - INFO - Found code_base: <app.utils.kg_build.knowledge.KnowledgeCodeBase object at 0x7f6dac7a9390>
2025-08-25 08:45:14,084 - Knowledge - INFO - process ingested knowledge for /app/data/b2c/10763/b7863gd/rialto-ocdm-10763/tests/mocks/OcdmSessionsCallbacksMock.h
2025-08-25 08:45:14,092 - Knowledge - INFO - Found code-base-name: https://github.com/kavia-common/rialto-ocdm-10763.git:kavia-6.0.0-rc1
2025-08-25 08:45:14,092 - Knowledge - INFO - Found code_base: <app.utils.kg_build.knowledge.KnowledgeCodeBase object at 0x7f6dac7a9390>
2025-08-25 08:45:14,092 - Knowledge - INFO - process ingested knowledge for /app/data/b2c/10763/b7863gd/rialto-ocdm-10763/tests/ut/OpenCdmTests.cpp
2025-08-25 08:45:14,100 - Knowledge - INFO - Found code-base-name: https://github.com/kavia-common/rialto-ocdm-10763.git:kavia-6.0.0-rc1
2025-08-25 08:45:14,100 - Knowledge - INFO - Found code_base: <app.utils.kg_build.knowledge.KnowledgeCodeBase object at 0x7f6dac7a9390>
2025-08-25 08:45:14,100 - Knowledge - INFO - process ingested knowledge for /app/data/b2c/10763/b7863gd/rialto-ocdm-10763/tests/third-party/source/OcdmSessionsCallbacks.cpp
2025-08-25 08:45:14,108 - Knowledge - INFO - Found code-base-name: https://github.com/kavia-common/rialto-ocdm-10763.git:kavia-6.0.0-rc1
2025-08-25 08:45:14,108 - Knowledge - INFO - Found code_base: <app.utils.kg_build.knowledge.KnowledgeCodeBase object at 0x7f6dac7a9390>
2025-08-25 08:45:14,108 - Knowledge - INFO - process ingested knowledge for /app/data/b2c/10763/b7863gd/rialto-ocdm-10763/tests/mocks/MediaKeysCapabilitiesMock.h
2025-08-25 08:45:14,116 - Knowledge - INFO - Found code-base-name: https://github.com/kavia-common/rialto-ocdm-10763.git:kavia-6.0.0-rc1
2025-08-25 08:45:14,116 - Knowledge - INFO - Found code_base: <app.utils.kg_build.knowledge.KnowledgeCodeBase object at 0x7f6dac7a9390>
2025-08-25 08:45:14,116 - Knowledge - INFO - process ingested knowledge for /app/data/b2c/10763/b7863gd/rialto-ocdm-10763/tests/mocks/CMakeLists.txt
2025-08-25 08:45:14,123 - Knowledge - INFO - Found code-base-name: https://github.com/kavia-common/rialto-ocdm-10763.git:kavia-6.0.0-rc1
2025-08-25 08:45:14,123 - Knowledge - INFO - Found code_base: <app.utils.kg_build.knowledge.KnowledgeCodeBase object at 0x7f6dac7a9390>
2025-08-25 08:45:14,123 - Knowledge - INFO - process ingested knowledge for /app/data/b2c/10763/b7863gd/rialto-ocdm-10763/tests/ut/MediaKeysCapabilitiesBackendTests.cpp
2025-08-25 08:45:14,131 - Knowledge - INFO - Found code-base-name: https://github.com/kavia-common/rialto-ocdm-10763.git:kavia-6.0.0-rc1
2025-08-25 08:45:14,131 - Knowledge - INFO - Found code_base: <app.utils.kg_build.knowledge.KnowledgeCodeBase object at 0x7f6dac7a9390>
2025-08-25 08:45:14,131 - Knowledge - INFO - process ingested knowledge for /app/data/b2c/10763/b7863gd/rialto-ocdm-10763/cmake/googletest.cmake
2025-08-25 08:45:14,139 - Knowledge - INFO - Found code-base-name: https://github.com/kavia-common/rialto-ocdm-10763.git:kavia-6.0.0-rc1
2025-08-25 08:45:14,139 - Knowledge - INFO - Found code_base: <app.utils.kg_build.knowledge.KnowledgeCodeBase object at 0x7f6dac7a9390>
2025-08-25 08:45:14,139 - Knowledge - INFO - process ingested knowledge for /app/data/b2c/10763/b7863gd/rialto-ocdm-10763/library/include/OpenCDMSessionPrivate.h
2025-08-25 08:45:14,147 - Knowledge - INFO - Found code-base-name: https://github.com/kavia-common/rialto-ocdm-10763.git:kavia-6.0.0-rc1
2025-08-25 08:45:14,147 - Knowledge - INFO - Found code_base: <app.utils.kg_build.knowledge.KnowledgeCodeBase object at 0x7f6dac7a9390>
2025-08-25 08:45:14,147 - Knowledge - INFO - process ingested knowledge for /app/data/b2c/10763/b7863gd/rialto-ocdm-10763/library/CMakeLists.txt
2025-08-25 08:45:14,155 - Knowledge - INFO - Found code-base-name: https://github.com/kavia-common/rialto-ocdm-10763.git:kavia-6.0.0-rc1
2025-08-25 08:45:14,155 - Knowledge - INFO - Found code_base: <app.utils.kg_build.knowledge.KnowledgeCodeBase object at 0x7f6dac7a9390>
2025-08-25 08:45:14,155 - Knowledge - INFO - process ingested knowledge for /app/data/b2c/10763/b7863gd/rialto-ocdm-10763/library/include/ICdmBackend.h
2025-08-25 08:45:14,162 - Knowledge - INFO - Found code-base-name: https://github.com/kavia-common/rialto-ocdm-10763.git:kavia-6.0.0-rc1
2025-08-25 08:45:14,163 - Knowledge - INFO - Found code_base: <app.utils.kg_build.knowledge.KnowledgeCodeBase object at 0x7f6dac7a9390>
2025-08-25 08:45:14,163 - Knowledge - INFO - process ingested knowledge for /app/data/b2c/10763/b7863gd/rialto-ocdm-10763/library/include/IMessageDispatcher.h
2025-08-25 08:45:14,170 - Knowledge - INFO - Found code-base-name: https://github.com/kavia-common/rialto-ocdm-10763.git:kavia-6.0.0-rc1
2025-08-25 08:45:14,171 - Knowledge - INFO - Found code_base: <app.utils.kg_build.knowledge.KnowledgeCodeBase object at 0x7f6dac7a9390>
2025-08-25 08:45:14,171 - Knowledge - INFO - process ingested knowledge for /app/data/b2c/10763/b7863gd/rialto-ocdm-10763/tests/mocks/MessageDispatcherMock.h
2025-08-25 08:45:14,178 - Knowledge - INFO - Found code-base-name: https://github.com/kavia-common/rialto-ocdm-10763.git:kavia-6.0.0-rc1
2025-08-25 08:45:14,178 - Knowledge - INFO - Found code_base: <app.utils.kg_build.knowledge.KnowledgeCodeBase object at 0x7f6dac7a9390>
2025-08-25 08:45:14,179 - Knowledge - INFO - process ingested knowledge for /app/data/b2c/10763/b7863gd/rialto-ocdm-10763/tests/mocks/MediaKeysMock.h
2025-08-25 08:45:14,188 - Knowledge - INFO - Found code-base-name: https://github.com/kavia-common/rialto-ocdm-10763.git:kavia-6.0.0-rc1
2025-08-25 08:45:14,188 - Knowledge - INFO - Found code_base: <app.utils.kg_build.knowledge.KnowledgeCodeBase object at 0x7f6dac7a9390>
2025-08-25 08:45:14,188 - Knowledge - INFO - process ingested knowledge for /app/data/b2c/10763/b7863gd/rialto-ocdm-10763/tests/mocks/CdmBackendMock.h
2025-08-25 08:45:14,195 - Knowledge - INFO - Found code-base-name: https://github.com/kavia-common/rialto-ocdm-10763.git:kavia-6.0.0-rc1
2025-08-25 08:45:14,195 - Knowledge - INFO - Found code_base: <app.utils.kg_build.knowledge.KnowledgeCodeBase object at 0x7f6dac7a9390>
2025-08-25 08:45:14,196 - Knowledge - INFO - process ingested knowledge for /app/data/b2c/10763/b7863gd/rialto-ocdm-10763/tests/ut/MessageDispatcherTests.cpp
2025-08-25 08:45:14,202 - Knowledge - INFO - Found code-base-name: https://github.com/kavia-common/rialto-ocdm-10763.git:kavia-6.0.0-rc1
2025-08-25 08:45:14,203 - Knowledge - INFO - Found code_base: <app.utils.kg_build.knowledge.KnowledgeCodeBase object at 0x7f6dac7a9390>
2025-08-25 08:45:14,203 - Knowledge - INFO - process ingested knowledge for /app/data/b2c/10763/b7863gd/rialto-ocdm-10763/TERMS.md
2025-08-25 08:45:14,211 - Knowledge - INFO - Found code-base-name: https://github.com/kavia-common/rialto-ocdm-10763.git:kavia-6.0.0-rc1
2025-08-25 08:45:14,213 - Knowledge - INFO - Found code_base: <app.utils.kg_build.knowledge.KnowledgeCodeBase object at 0x7f6dac7a9390>
2025-08-25 08:45:14,215 - Knowledge - INFO - process ingested knowledge for /app/data/b2c/10763/b7863gd/rialto-ocdm-10763/library/source/open_cdm_adapter.cpp
2025-08-25 08:45:14,222 - Knowledge - INFO - Found code-base-name: https://github.com/kavia-common/rialto-ocdm-10763.git:kavia-6.0.0-rc1
2025-08-25 08:45:14,222 - Knowledge - INFO - Found code_base: <app.utils.kg_build.knowledge.KnowledgeCodeBase object at 0x7f6dac7a9390>
2025-08-25 08:45:14,222 - Knowledge - INFO - process ingested knowledge for /app/data/b2c/10763/b7863gd/rialto-ocdm-10763/library/source/open_cdm.cpp
2025-08-25 08:45:14,230 - Knowledge - INFO - Found code-base-name: https://github.com/kavia-common/rialto-ocdm-10763.git:kavia-6.0.0-rc1
2025-08-25 08:45:14,230 - Knowledge - INFO - Found code_base: <app.utils.kg_build.knowledge.KnowledgeCodeBase object at 0x7f6dac7a9390>
2025-08-25 08:45:14,231 - Knowledge - INFO - process ingested knowledge for /app/data/b2c/10763/b7863gd/rialto-ocdm-10763/scripts/valgrind/process_valgrind_results.py
2025-08-25 08:45:14,239 - Knowledge - INFO - Found code-base-name: https://github.com/kavia-common/rialto-ocdm-10763.git:kavia-6.0.0-rc1
2025-08-25 08:45:14,240 - Knowledge - INFO - Found code_base: <app.utils.kg_build.knowledge.KnowledgeCodeBase object at 0x7f6dac7a9390>
2025-08-25 08:45:14,240 - Knowledge - INFO - process ingested knowledge for /app/data/b2c/10763/b7863gd/rialto-ocdm-10763/library/source/open_cdm_ext.cpp
2025-08-25 08:45:14,248 - Knowledge - INFO - Found code-base-name: https://github.com/kavia-common/rialto-ocdm-10763.git:kavia-6.0.0-rc1
2025-08-25 08:45:14,248 - Knowledge - INFO - Found code_base: <app.utils.kg_build.knowledge.KnowledgeCodeBase object at 0x7f6dac7a9390>
2025-08-25 08:45:14,248 - Knowledge - INFO - process ingested knowledge for /app/data/b2c/10763/b7863gd/rialto-ocdm-10763/tests/ut/CdmBackendTests.cpp
2025-08-25 08:45:14,256 - Knowledge - INFO - Found code-base-name: https://github.com/kavia-common/rialto-ocdm-10763.git:kavia-6.0.0-rc1
2025-08-25 08:45:14,256 - Knowledge - INFO - Found code_base: <app.utils.kg_build.knowledge.KnowledgeCodeBase object at 0x7f6dac7a9390>
2025-08-25 08:45:14,256 - Knowledge - INFO - process ingested knowledge for /app/data/b2c/10763/b7863gd/rialto-ocdm-10763/library/source/OpenCDMSessionPrivate.cpp
2025-08-25 08:45:14,264 - Knowledge - INFO - Found code-base-name: https://github.com/kavia-common/rialto-ocdm-10763.git:kavia-6.0.0-rc1
2025-08-25 08:45:14,264 - Knowledge - INFO - Found code_base: <app.utils.kg_build.knowledge.KnowledgeCodeBase object at 0x7f6dac7a9390>
2025-08-25 08:45:14,264 - Knowledge - INFO - process ingested knowledge for /app/data/b2c/10763/b7863gd/rialto-ocdm-10763/CMakeLists.txt
2025-08-25 08:45:14,271 - Knowledge - INFO - Found code-base-name: https://github.com/kavia-common/rialto-ocdm-10763.git:kavia-6.0.0-rc1
2025-08-25 08:45:14,271 - Knowledge - INFO - Found code_base: <app.utils.kg_build.knowledge.KnowledgeCodeBase object at 0x7f6dac7a9390>
2025-08-25 08:45:14,271 - Knowledge - INFO - process ingested knowledge for /app/data/b2c/10763/b7863gd/rialto-ocdm-10763/tests/third-party/source/MediaKeysFactory.cpp
2025-08-25 08:45:14,279 - Knowledge - INFO - Found code-base-name: https://github.com/kavia-common/rialto-ocdm-10763.git:kavia-6.0.0-rc1
2025-08-25 08:45:14,279 - Knowledge - INFO - Found code_base: <app.utils.kg_build.knowledge.KnowledgeCodeBase object at 0x7f6dac7a9390>
2025-08-25 08:45:14,280 - Knowledge - INFO - process ingested knowledge for /app/data/b2c/10763/b7863gd/rialto-ocdm-10763/tests/ut/LoggerTests.cpp
2025-08-25 08:45:14,287 - Knowledge - INFO - Found code-base-name: https://github.com/kavia-common/rialto-ocdm-10763.git:kavia-6.0.0-rc1
2025-08-25 08:45:14,287 - Knowledge - INFO - Found code_base: <app.utils.kg_build.knowledge.KnowledgeCodeBase object at 0x7f6dac7a9390>
2025-08-25 08:45:14,287 - Knowledge - INFO - process ingested knowledge for /app/data/b2c/10763/b7863gd/rialto-ocdm-10763/library/include/RialtoGStreamerEMEProtectionMetadata.h
2025-08-25 08:45:14,295 - Knowledge - INFO - Found code-base-name: https://github.com/kavia-common/rialto-ocdm-10763.git:kavia-6.0.0-rc1
2025-08-25 08:45:14,295 - Knowledge - INFO - Found code_base: <app.utils.kg_build.knowledge.KnowledgeCodeBase object at 0x7f6dac7a9390>
2025-08-25 08:45:14,295 - Knowledge - INFO - process ingested knowledge for /app/data/b2c/10763/b7863gd/rialto-ocdm-10763/library/source/CdmBackend.cpp
2025-08-25 08:45:14,304 - Knowledge - INFO - Found code-base-name: https://github.com/kavia-common/rialto-ocdm-10763.git:kavia-6.0.0-rc1
2025-08-25 08:45:14,304 - Knowledge - INFO - Found code_base: <app.utils.kg_build.knowledge.KnowledgeCodeBase object at 0x7f6dac7a9390>
2025-08-25 08:45:14,304 - Knowledge - INFO - process ingested knowledge for /app/data/b2c/10763/b7863gd/rialto-ocdm-10763/scripts/cpplint/cpplint.py
2025-08-25 08:45:14,315 - Knowledge - INFO - Found code-base-name: https://github.com/kavia-common/rialto-ocdm-10763.git:kavia-6.0.0-rc1
2025-08-25 08:45:14,315 - Knowledge - INFO - Found code_base: <app.utils.kg_build.knowledge.KnowledgeCodeBase object at 0x7f6dac7a9390>
2025-08-25 08:45:14,315 - Knowledge - INFO - process ingested knowledge for /app/data/b2c/10763/b7863gd/rialto-ocdm-10763/library/source/MessageDispatcher.cpp
2025-08-25 08:45:14,323 - Knowledge - INFO - Found code-base-name: https://github.com/kavia-common/rialto-ocdm-10763.git:kavia-6.0.0-rc1
2025-08-25 08:45:14,323 - Knowledge - INFO - Found code_base: <app.utils.kg_build.knowledge.KnowledgeCodeBase object at 0x7f6dac7a9390>
2025-08-25 08:45:14,323 - Knowledge - INFO - process ingested knowledge for /app/data/b2c/10763/b7863gd/rialto-ocdm-10763/tests/ut/ActiveSessionsTests.cpp
2025-08-25 08:45:14,331 - Knowledge - INFO - Found code-base-name: https://github.com/kavia-common/rialto-ocdm-10763.git:kavia-6.0.0-rc1
2025-08-25 08:45:14,331 - Knowledge - INFO - Found code_base: <app.utils.kg_build.knowledge.KnowledgeCodeBase object at 0x7f6dac7a9390>
2025-08-25 08:45:14,331 - Knowledge - INFO - process ingested knowledge for /app/data/b2c/10763/b7863gd/rialto-ocdm-10763/tests/ut/OpenCdmSystemTests.cpp
2025-08-25 08:45:14,339 - Knowledge - INFO - Found code-base-name: https://github.com/kavia-common/rialto-ocdm-10763.git:kavia-6.0.0-rc1
2025-08-25 08:45:14,339 - Knowledge - INFO - Found code_base: <app.utils.kg_build.knowledge.KnowledgeCodeBase object at 0x7f6dac7a9390>
2025-08-25 08:45:14,339 - Knowledge - INFO - process ingested knowledge for /app/data/b2c/10763/b7863gd/rialto-ocdm-10763/tests/mocks/MediaKeysClientMock.h
2025-08-25 08:45:14,347 - Knowledge - INFO - Found code-base-name: https://github.com/kavia-common/rialto-ocdm-10763.git:kavia-6.0.0-rc1
2025-08-25 08:45:14,347 - Knowledge - INFO - Found code_base: <app.utils.kg_build.knowledge.KnowledgeCodeBase object at 0x7f6dac7a9390>
2025-08-25 08:45:14,347 - Knowledge - INFO - process ingested knowledge for /app/data/b2c/10763/b7863gd/rialto-ocdm-10763/tests/mocks/MessageDispatcherClientMock.h
2025-08-25 08:45:14,354 - Knowledge - INFO - Found code-base-name: https://github.com/kavia-common/rialto-ocdm-10763.git:kavia-6.0.0-rc1
2025-08-25 08:45:14,354 - Knowledge - INFO - Found code_base: <app.utils.kg_build.knowledge.KnowledgeCodeBase object at 0x7f6dac7a9390>
2025-08-25 08:45:14,355 - Knowledge - INFO - process ingested knowledge for /app/data/b2c/10763/b7863gd/rialto-ocdm-10763/library/include/MessageDispatcher.h
2025-08-25 08:45:14,363 - Knowledge - INFO - Found code-base-name: https://github.com/kavia-common/rialto-ocdm-10763.git:kavia-6.0.0-rc1
2025-08-25 08:45:14,363 - Knowledge - INFO - Found code_base: <app.utils.kg_build.knowledge.KnowledgeCodeBase object at 0x7f6dac7a9390>
2025-08-25 08:45:14,363 - Knowledge - INFO - process ingested knowledge for /app/data/b2c/10763/b7863gd/rialto-ocdm-10763/library/source/RialtoGStreamerEMEProtectionMetadata.cpp
2025-08-25 08:45:14,370 - Knowledge - INFO - Found code-base-name: https://github.com/kavia-common/rialto-ocdm-10763.git:kavia-6.0.0-rc1
2025-08-25 08:45:14,371 - Knowledge - INFO - Found code_base: <app.utils.kg_build.knowledge.KnowledgeCodeBase object at 0x7f6dac7a9390>
2025-08-25 08:45:14,371 - Knowledge - INFO - process ingested knowledge for /app/data/b2c/10763/b7863gd/rialto-ocdm-10763/tests/mocks/OpenCDMSystemMock.h
2025-08-25 08:45:14,378 - Knowledge - INFO - Found code-base-name: https://github.com/kavia-common/rialto-ocdm-10763.git:kavia-6.0.0-rc1
2025-08-25 08:45:14,378 - Knowledge - INFO - Found code_base: <app.utils.kg_build.knowledge.KnowledgeCodeBase object at 0x7f6dac7a9390>
2025-08-25 08:45:14,378 - Knowledge - INFO - process ingested knowledge for /app/data/b2c/10763/b7863gd/rialto-ocdm-10763/library/include/CdmBackend.h
2025-08-25 08:45:14,385 - Knowledge - INFO - Found code-base-name: https://github.com/kavia-common/rialto-ocdm-10763.git:kavia-6.0.0-rc1
2025-08-25 08:45:14,385 - Knowledge - INFO - Found code_base: <app.utils.kg_build.knowledge.KnowledgeCodeBase object at 0x7f6dac7a9390>
2025-08-25 08:45:14,385 - Knowledge - INFO - process ingested knowledge for /app/data/b2c/10763/b7863gd/rialto-ocdm-10763/library/source/Logger.cpp
2025-08-25 08:45:14,394 - Knowledge - INFO - Found code-base-name: https://github.com/kavia-common/rialto-ocdm-10763.git:kavia-6.0.0-rc1
2025-08-25 08:45:14,394 - Knowledge - INFO - Found code_base: <app.utils.kg_build.knowledge.KnowledgeCodeBase object at 0x7f6dac7a9390>
2025-08-25 08:45:14,394 - Knowledge - INFO - process ingested knowledge for /app/data/b2c/10763/b7863gd/rialto-ocdm-10763/tests/ut/OpenCdmExtTests.cpp
2025-08-25 08:45:14,401 - Knowledge - INFO - Found code-base-name: https://github.com/kavia-common/rialto-ocdm-10763.git:kavia-6.0.0-rc1
2025-08-25 08:45:14,402 - Knowledge - INFO - Found code_base: <app.utils.kg_build.knowledge.KnowledgeCodeBase object at 0x7f6dac7a9390>
2025-08-25 08:45:14,402 - Knowledge - INFO - process ingested knowledge for /app/data/b2c/10763/b7863gd/rialto-ocdm-10763/tests/ut/OpenCdmAdapterTests.cpp
2025-08-25 08:45:14,410 - Knowledge - INFO - Found code-base-name: https://github.com/kavia-common/rialto-ocdm-10763.git:kavia-6.0.0-rc1
2025-08-25 08:45:14,410 - Knowledge - INFO - Found code_base: <app.utils.kg_build.knowledge.KnowledgeCodeBase object at 0x7f6dac7a9390>
2025-08-25 08:45:14,411 - Knowledge - INFO - process ingested knowledge for /app/data/b2c/10763/b7863gd/rialto-ocdm-10763/README.md
2025-08-25 08:45:14,418 - Knowledge - INFO - Found code-base-name: https://github.com/kavia-common/rialto-ocdm-10763.git:kavia-6.0.0-rc1
2025-08-25 08:45:14,418 - Knowledge - INFO - Found code_base: <app.utils.kg_build.knowledge.KnowledgeCodeBase object at 0x7f6dac7a9390>
2025-08-25 08:45:14,419 - Knowledge - INFO - process ingested knowledge for /app/data/b2c/10763/b7863gd/rialto-ocdm-10763/scripts/clang-format/process_clang-format_errors.py
2025-08-25 08:45:14,426 - Knowledge - INFO - Found code-base-name: https://github.com/kavia-common/rialto-ocdm-10763.git:kavia-6.0.0-rc1
2025-08-25 08:45:14,426 - Knowledge - INFO - Found code_base: <app.utils.kg_build.knowledge.KnowledgeCodeBase object at 0x7f6dac7a9390>
2025-08-25 08:45:14,426 - Knowledge - INFO - process ingested knowledge for /app/data/b2c/10763/b7863gd/rialto-ocdm-10763/cppcheck_suppressions.xml
2025-08-25 08:45:14,432 - Knowledge - INFO - Found code-base-name: https://github.com/kavia-common/rialto-ocdm-10763.git:kavia-6.0.0-rc1
2025-08-25 08:45:14,432 - Knowledge - INFO - Found code_base: <app.utils.kg_build.knowledge.KnowledgeCodeBase object at 0x7f6dac7a9390>
2025-08-25 08:45:14,432 - Knowledge - INFO - process ingested knowledge for /app/data/b2c/10763/b7863gd/rialto-ocdm-10763/library/include/Logger.h
2025-08-25 08:45:14,439 - Knowledge - INFO - Found code-base-name: https://github.com/kavia-common/rialto-ocdm-10763.git:kavia-6.0.0-rc1
2025-08-25 08:45:14,439 - Knowledge - INFO - Found code_base: <app.utils.kg_build.knowledge.KnowledgeCodeBase object at 0x7f6dac7a9390>
2025-08-25 08:45:14,440 - Knowledge - INFO - process ingested knowledge for /app/data/b2c/10763/b7863gd/rialto-ocdm-10763/library/include/OpenCDMSystemPrivate.h
2025-08-25 08:45:14,447 - Knowledge - INFO - Found code-base-name: https://github.com/kavia-common/rialto-ocdm-10763.git:kavia-6.0.0-rc1
2025-08-25 08:45:14,447 - Knowledge - INFO - Found code_base: <app.utils.kg_build.knowledge.KnowledgeCodeBase object at 0x7f6dac7a9390>
2025-08-25 08:45:14,447 - Knowledge - INFO - process ingested knowledge for /app/data/b2c/10763/b7863gd/rialto-ocdm-10763/tests/third-party/source/ControlFactory.cpp
2025-08-25 08:45:14,456 - Knowledge - INFO - Found code-base-name: https://github.com/kavia-common/rialto-ocdm-10763.git:kavia-6.0.0-rc1
2025-08-25 08:45:14,456 - Knowledge - INFO - Found code_base: <app.utils.kg_build.knowledge.KnowledgeCodeBase object at 0x7f6dac7a9390>
2025-08-25 08:45:14,456 - Knowledge - INFO - process ingested knowledge for /app/data/b2c/10763/b7863gd/rialto-ocdm-10763/docs/index.html
2025-08-25 08:45:14,464 - Knowledge - INFO - Found code-base-name: https://github.com/kavia-common/rialto-ocdm-10763.git:kavia-6.0.0-rc1
2025-08-25 08:45:14,464 - Knowledge - INFO - Found code_base: <app.utils.kg_build.knowledge.KnowledgeCodeBase object at 0x7f6dac7a9390>
2025-08-25 08:45:14,464 - Knowledge - INFO - process ingested knowledge for /app/data/b2c/10763/b7863gd/rialto-ocdm-10763/library/source/MediaKeysCapabilitiesBackend.cpp
2025-08-25 08:45:14,471 - Knowledge - INFO - Found code-base-name: https://github.com/kavia-common/rialto-ocdm-10763.git:kavia-6.0.0-rc1
2025-08-25 08:45:14,471 - Knowledge - INFO - Found code_base: <app.utils.kg_build.knowledge.KnowledgeCodeBase object at 0x7f6dac7a9390>
2025-08-25 08:45:14,472 - Knowledge - INFO - process ingested knowledge for /app/data/b2c/10763/b7863gd/rialto-ocdm-10763/library/source/OpenCDMSystemPrivate.cpp
2025-08-25 08:45:14,479 - Knowledge - INFO - Found code-base-name: https://github.com/kavia-common/rialto-ocdm-10763.git:kavia-6.0.0-rc1
2025-08-25 08:45:14,479 - Knowledge - INFO - Found code_base: <app.utils.kg_build.knowledge.KnowledgeCodeBase object at 0x7f6dac7a9390>
2025-08-25 08:45:14,480 - Knowledge - INFO - process ingested knowledge for /app/data/b2c/10763/b7863gd/rialto-ocdm-10763/cmake/FindRialto.cmake
2025-08-25 08:45:14,487 - Knowledge - INFO - Found code-base-name: https://github.com/kavia-common/rialto-ocdm-10763.git:kavia-6.0.0-rc1
2025-08-25 08:45:14,487 - Knowledge - INFO - Found code_base: <app.utils.kg_build.knowledge.KnowledgeCodeBase object at 0x7f6dac7a9390>
2025-08-25 08:45:14,487 - Knowledge - INFO - process ingested knowledge for /app/data/b2c/10763/b7863gd/rialto-ocdm-10763/library/include/MediaKeysCapabilitiesBackend.h
2025-08-25 08:45:14,494 - Knowledge - INFO - Found code-base-name: https://github.com/kavia-common/rialto-ocdm-10763.git:kavia-6.0.0-rc1
2025-08-25 08:45:14,494 - Knowledge - INFO - Found code_base: <app.utils.kg_build.knowledge.KnowledgeCodeBase object at 0x7f6dac7a9390>
2025-08-25 08:45:14,495 - Knowledge - INFO - process ingested knowledge for /app/data/b2c/10763/b7863gd/rialto-ocdm-10763/CHANGELOG.md
2025-08-25 08:45:14,502 - Knowledge - INFO - Found code-base-name: https://github.com/kavia-common/rialto-ocdm-10763.git:kavia-6.0.0-rc1
2025-08-25 08:45:14,502 - Knowledge - INFO - Found code_base: <app.utils.kg_build.knowledge.KnowledgeCodeBase object at 0x7f6dac7a9390>
2025-08-25 08:45:14,503 - Knowledge - INFO - process ingested knowledge for /app/data/b2c/10763/b7863gd/rialto-ocdm-10763/CONTRIBUTING.md
2025-08-25 08:45:14,510 - Knowledge - INFO - Found code-base-name: https://github.com/kavia-common/rialto-ocdm-10763.git:kavia-6.0.0-rc1
2025-08-25 08:45:14,510 - Knowledge - INFO - Found code_base: <app.utils.kg_build.knowledge.KnowledgeCodeBase object at 0x7f6dac7a9390>
2025-08-25 08:45:14,510 - Knowledge - INFO - process ingested knowledge for /app/data/b2c/10763/b7863gd/rialto-ocdm-10763/library/include/OpenCDMSession.h
2025-08-25 08:45:14,518 - Knowledge - INFO - Found code-base-name: https://github.com/kavia-common/rialto-ocdm-10763.git:kavia-6.0.0-rc1
2025-08-25 08:45:14,518 - Knowledge - INFO - Found code_base: <app.utils.kg_build.knowledge.KnowledgeCodeBase object at 0x7f6dac7a9390>
2025-08-25 08:45:14,518 - Knowledge - INFO - process ingested knowledge for /app/data/b2c/10763/b7863gd/rialto-ocdm-10763/tests/third-party/CMakeLists.txt
2025-08-25 08:45:14,525 - Knowledge - INFO - Found code-base-name: https://github.com/kavia-common/rialto-ocdm-10763.git:kavia-6.0.0-rc1
2025-08-25 08:45:14,525 - Knowledge - INFO - Found code_base: <app.utils.kg_build.knowledge.KnowledgeCodeBase object at 0x7f6dac7a9390>
2025-08-25 08:45:14,525 - Knowledge - INFO - process ingested knowledge for /app/data/b2c/10763/b7863gd/rialto-ocdm-10763/tests/mocks/ControlMock.h
2025-08-25 08:45:14,533 - Knowledge - INFO - Found code-base-name: https://github.com/kavia-common/rialto-ocdm-10763.git:kavia-6.0.0-rc1
2025-08-25 08:45:14,533 - Knowledge - INFO - Found code_base: <app.utils.kg_build.knowledge.KnowledgeCodeBase object at 0x7f6dac7a9390>
2025-08-25 08:45:14,533 - Knowledge - INFO - process ingested knowledge for /app/data/b2c/10763/b7863gd/rialto-ocdm-10763/build_ut.py
2025-08-25 08:45:14,538 - Knowledge - INFO - load persisted knowledge: end
2025-08-25 08:45:14,538 - Knowledge - INFO - load persisted docinfo: begin
2025-08-25 08:45:14,540 - Knowledge - INFO - load persisted docinfo: end
2025-08-25 08:45:14,568 - Knowledge - INFO - worker kw1 created with dedicated MongoDB connection (total: 1)
2025-08-25 08:45:14,568 - Knowledge - INFO - knowledge worker kw1 start
2025-08-25 08:45:14,569 - Knowledge - INFO - Knowledge creation complete
2025-08-25 08:45:14,570 - Knowledge - INFO - Updating org costs, total cost: 0
2025-08-25 08:45:14,575 - Knowledge - INFO - Saving knowledge to Redis...
2025-08-25 08:45:14,611 - Knowledge - INFO - Knowledge saved to Redis successfully
